season	category	title	status	note	best	best_reported	checked	have	source	released	description
1	Main Show	An Unearthly Child	ok		576i PAL DVD	576i PAL Region 2 DVD. No HD release exists: Season 1 is not in the Doctor Who: The Collection Blu-ray range (19 of 26 seasons as of Sep 2026) and no Season 1 set has been announced	2026-09-21	720x576 25fps AC-3	archive.org doctor-who-season-1-dvd | An Unearthly Child, MPEG-2 720x576 25fps, 2 AC-3 tracks (episode plus commentary), 2 English VobSub tracks inside. MakeMKV title 1, container change only, nothing re-encoded	1963-11-23	Two Coal Hill teachers follow their strange pupil Susan home to a junkyard and force their way into a police box that is larger inside. Her grandfather takes off rather than be exposed, and lands them all in the Stone Age.
1	Main Show	The Cave of Skulls	ok		576i PAL DVD	576i PAL Region 2 DVD. No HD release exists: Season 1 is not in the Doctor Who: The Collection Blu-ray range (19 of 26 seasons as of Sep 2026) and no Season 1 set has been announced	2026-09-21	720x576 25fps AC-3	archive.org doctor-who-season-1-dvd | An Unearthly Child, MPEG-2 720x576 25fps, one AC-3 2.0 track, 2 English VobSub tracks inside. MakeMKV title 2, container change only, nothing re-encoded	1963-11-30	Two Coal Hill teachers follow their strange pupil Susan home to a junkyard and force their way into a police box that is larger inside. Her grandfather takes off rather than be exposed, and lands them all in the Stone Age.
1	Main Show	The Forest of Fear	ok		576i PAL DVD	576i PAL Region 2 DVD. No HD release exists: Season 1 is not in the Doctor Who: The Collection Blu-ray range (19 of 26 seasons as of Sep 2026) and no Season 1 set has been announced	2026-09-21	720x576 25fps AC-3	archive.org doctor-who-season-1-dvd | An Unearthly Child, MPEG-2 720x576 25fps, one AC-3 2.0 track, 2 English VobSub tracks inside. MakeMKV title 3, container change only, nothing re-encoded	1963-12-07	Two Coal Hill teachers follow their strange pupil Susan home to a junkyard and force their way into a police box that is larger inside. Her grandfather takes off rather than be exposed, and lands them all in the Stone Age.
1	Main Show	The Firemaker	ok		576i PAL DVD	576i PAL Region 2 DVD. No HD release exists: Season 1 is not in the Doctor Who: The Collection Blu-ray range (19 of 26 seasons as of Sep 2026) and no Season 1 set has been announced	2026-09-21	720x576 25fps AC-3	archive.org doctor-who-season-1-dvd | An Unearthly Child, MPEG-2 720x576 25fps, 2 AC-3 tracks (episode plus commentary), 2 English VobSub tracks inside. MakeMKV title 4, container change only, nothing re-encoded	1963-12-14	Two Coal Hill teachers follow their strange pupil Susan home to a junkyard and force their way into a police box that is larger inside. Her grandfather takes off rather than be exposed, and lands them all in the Stone Age.
1	Main Show	The Dead Planet	ok		576i PAL DVD	576i PAL Region 2 DVD. No HD release exists: Season 1 is not in the Doctor Who: The Collection Blu-ray range (19 of 26 seasons as of Sep 2026) and no Season 1 set has been announced	2026-09-21	720x576 25fps AC-3	archive.org doctor-who-season-1-dvd | The Daleks, MPEG-2 720x576 25fps, one AC-3 2.0 track, 2 English VobSub tracks inside. MakeMKV title 3, container change only, nothing re-encoded	1963-12-21	The TARDIS arrives on a petrified world where a gleaming city stands empty of anything human. The travellers go down into it out of curiosity and find the machine creatures who have been waiting inside for centuries.
1	Main Show	The Survivors	ok		576i PAL DVD	576i PAL Region 2 DVD. No HD release exists: Season 1 is not in the Doctor Who: The Collection Blu-ray range (19 of 26 seasons as of Sep 2026) and no Season 1 set has been announced	2026-09-21	720x576 25fps AC-3	archive.org doctor-who-season-1-dvd | The Daleks, MPEG-2 720x576 25fps, 2 AC-3 tracks (episode plus commentary), 2 English VobSub tracks inside. MakeMKV title 0, container change only, nothing re-encoded	1963-12-28	The TARDIS arrives on a petrified world where a gleaming city stands empty of anything human. The travellers go down into it out of curiosity and find the machine creatures who have been waiting inside for centuries.
1	Main Show	The Escape	ok		576i PAL DVD	576i PAL Region 2 DVD. No HD release exists: Season 1 is not in the Doctor Who: The Collection Blu-ray range (19 of 26 seasons as of Sep 2026) and no Season 1 set has been announced	2026-09-21	720x576 25fps AC-3	archive.org doctor-who-season-1-dvd | The Daleks, MPEG-2 720x576 25fps, one AC-3 2.0 track, 2 English VobSub tracks inside. MakeMKV title 4, container change only, nothing re-encoded	1964-01-04	The TARDIS arrives on a petrified world where a gleaming city stands empty of anything human. The travellers go down into it out of curiosity and find the machine creatures who have been waiting inside for centuries.
1	Main Show	The Ambush	ok		576i PAL DVD	576i PAL Region 2 DVD. No HD release exists: Season 1 is not in the Doctor Who: The Collection Blu-ray range (19 of 26 seasons as of Sep 2026) and no Season 1 set has been announced	2026-09-21	720x576 25fps AC-3	archive.org doctor-who-season-1-dvd | The Daleks, MPEG-2 720x576 25fps, 2 AC-3 tracks (episode plus commentary), 2 English VobSub tracks inside. MakeMKV title 1, container change only, nothing re-encoded	1964-01-11	The TARDIS arrives on a petrified world where a gleaming city stands empty of anything human. The travellers go down into it out of curiosity and find the machine creatures who have been waiting inside for centuries.
1	Main Show	The Expedition	ok		576i PAL DVD	576i PAL Region 2 DVD. No HD release exists: Season 1 is not in the Doctor Who: The Collection Blu-ray range (19 of 26 seasons as of Sep 2026) and no Season 1 set has been announced	2026-09-21	720x576 25fps AC-3	archive.org doctor-who-season-1-dvd | The Daleks, MPEG-2 720x576 25fps, one AC-3 2.0 track, 2 English VobSub tracks inside. MakeMKV title 6, container change only, nothing re-encoded	1964-01-18	The TARDIS arrives on a petrified world where a gleaming city stands empty of anything human. The travellers go down into it out of curiosity and find the machine creatures who have been waiting inside for centuries.
1	Main Show	The Ordeal	ok		576i PAL DVD	576i PAL Region 2 DVD. No HD release exists: Season 1 is not in the Doctor Who: The Collection Blu-ray range (19 of 26 seasons as of Sep 2026) and no Season 1 set has been announced	2026-09-21	720x576 25fps AC-3	archive.org doctor-who-season-1-dvd | The Daleks, MPEG-2 720x576 25fps, one AC-3 2.0 track, 2 English VobSub tracks inside. MakeMKV title 7, container change only, nothing re-encoded	1964-01-25	The TARDIS arrives on a petrified world where a gleaming city stands empty of anything human. The travellers go down into it out of curiosity and find the machine creatures who have been waiting inside for centuries.
1	Main Show	The Rescue	ok		576i PAL DVD	576i PAL Region 2 DVD. No HD release exists: Season 1 is not in the Doctor Who: The Collection Blu-ray range (19 of 26 seasons as of Sep 2026) and no Season 1 set has been announced	2026-09-21	720x576 25fps AC-3	archive.org doctor-who-season-1-dvd | The Daleks, MPEG-2 720x576 25fps, 2 AC-3 tracks (episode plus commentary), 2 English VobSub tracks inside. MakeMKV title 8, container change only, nothing re-encoded	1964-02-01	The TARDIS arrives on a petrified world where a gleaming city stands empty of anything human. The travellers go down into it out of curiosity and find the machine creatures who have been waiting inside for centuries.
1	Main Show	The Edge of Destruction	ok		576i PAL DVD	576i PAL Region 2 DVD. No HD release exists: Season 1 is not in the Doctor Who: The Collection Blu-ray range (19 of 26 seasons as of Sep 2026) and no Season 1 set has been announced	2026-09-21	720x576 25fps AC-3	archive.org doctor-who-season-1-dvd | The Edge Of Destruction, MPEG-2 720x576 25fps, one AC-3 2.0 track, 2 English VobSub tracks inside. MakeMKV title 2, container change only, nothing re-encoded	1964-02-08	After a violent jolt the TARDIS turns on its crew, locking doors, showing impossible images and setting them against one another. The Doctor is certain he has a saboteur aboard, and the ship will not let anyone leave.
1	Main Show	The Brink of Disaster	ok		576i PAL DVD	576i PAL Region 2 DVD. No HD release exists: Season 1 is not in the Doctor Who: The Collection Blu-ray range (19 of 26 seasons as of Sep 2026) and no Season 1 set has been announced	2026-09-21	720x576 25fps AC-3	archive.org doctor-who-season-1-dvd | The Edge Of Destruction, MPEG-2 720x576 25fps, 2 AC-3 tracks (episode plus commentary), 2 English VobSub tracks inside. MakeMKV title 3, container change only, nothing re-encoded	1964-02-15	After a violent jolt the TARDIS turns on its crew, locking doors, showing impossible images and setting them against one another. The Doctor is certain he has a saboteur aboard, and the ship will not let anyone leave.
1	Main Show	The Roof of the World	missing	wiped by the BBC; only the soundtrack and telesnaps survive	telesnap reconstruction only	no BBC release of any kind. All seven episodes were wiped and none has been animated, so John Cura telesnaps over the off-air soundtrack is the best that exists	2026-09-21	704x576 25fps AC-3	archive.org doctor-who-season-1-dvd | Marco Polo (disc 2) - Fanmade, MPEG-2 704x576 25fps, one AC-3 2.0 track, no subtitle track on the disc. MakeMKV title 0, container change only, nothing re-encoded	1964-02-22	On the roof of the world the travellers fall in with Marco Polo's caravan, and he takes the TARDIS as a gift to buy his way home from Kublai Khan's court. Without it they must cross Asia among men who want it for themselves.
1	Main Show	The Singing Sands	missing	wiped by the BBC; only the soundtrack and telesnaps survive	telesnap reconstruction only	no BBC release of any kind. All seven episodes were wiped and none has been animated, so John Cura telesnaps over the off-air soundtrack is the best that exists	2026-09-21	704x576 25fps AC-3	archive.org doctor-who-season-1-dvd | Marco Polo (disc 2) - Fanmade, MPEG-2 704x576 25fps, one AC-3 2.0 track, no subtitle track on the disc. MakeMKV title 1, container change only, nothing re-encoded	1964-02-29	On the roof of the world the travellers fall in with Marco Polo's caravan, and he takes the TARDIS as a gift to buy his way home from Kublai Khan's court. Without it they must cross Asia among men who want it for themselves.
1	Main Show	Five Hundred Eyes	missing	wiped by the BBC; only the soundtrack and telesnaps survive	telesnap reconstruction only	no BBC release of any kind. All seven episodes were wiped and none has been animated, so John Cura telesnaps over the off-air soundtrack is the best that exists	2026-09-21	704x576 25fps AC-3	archive.org doctor-who-season-1-dvd | Marco Polo (disc 2) - Fanmade, MPEG-2 704x576 25fps, one AC-3 2.0 track, no subtitle track on the disc. MakeMKV title 2, container change only, nothing re-encoded	1964-03-07	On the roof of the world the travellers fall in with Marco Polo's caravan, and he takes the TARDIS as a gift to buy his way home from Kublai Khan's court. Without it they must cross Asia among men who want it for themselves.
1	Main Show	The Wall of Lies	missing	wiped by the BBC; only the soundtrack and telesnaps survive	telesnap reconstruction only	no BBC release of any kind. All seven episodes were wiped and none has been animated, so John Cura telesnaps over the off-air soundtrack is the best that exists	2026-09-21	704x576 25fps AC-3	archive.org doctor-who-season-1-dvd | Marco Polo (disc 2) - Fanmade, MPEG-2 704x576 25fps, one AC-3 2.0 track, no subtitle track on the disc. MakeMKV title 3, container change only, nothing re-encoded	1964-03-14	On the roof of the world the travellers fall in with Marco Polo's caravan, and he takes the TARDIS as a gift to buy his way home from Kublai Khan's court. Without it they must cross Asia among men who want it for themselves.
1	Main Show	Rider from Shang-Tu	missing	wiped by the BBC; only the soundtrack and telesnaps survive	telesnap reconstruction only	no BBC release of any kind. All seven episodes were wiped and none has been animated, so John Cura telesnaps over the off-air soundtrack is the best that exists	2026-09-21	704x576 25fps AC-3	archive.org doctor-who-season-1-dvd | Marco Polo (disc 2) - Fanmade, MPEG-2 704x576 25fps, one AC-3 2.0 track, no subtitle track on the disc. MakeMKV title 4, container change only, nothing re-encoded	1964-03-21	On the roof of the world the travellers fall in with Marco Polo's caravan, and he takes the TARDIS as a gift to buy his way home from Kublai Khan's court. Without it they must cross Asia among men who want it for themselves.
1	Main Show	Mighty Kublai Khan	missing	wiped by the BBC; only the soundtrack and telesnaps survive	telesnap reconstruction only	no BBC release of any kind. All seven episodes were wiped and none has been animated, so John Cura telesnaps over the off-air soundtrack is the best that exists	2026-09-21	704x576 25fps AC-3	archive.org doctor-who-season-1-dvd | Marco Polo (disc 2) - Fanmade, MPEG-2 704x576 25fps, one AC-3 2.0 track, no subtitle track on the disc. MakeMKV title 5, container change only, nothing re-encoded	1964-03-28	On the roof of the world the travellers fall in with Marco Polo's caravan, and he takes the TARDIS as a gift to buy his way home from Kublai Khan's court. Without it they must cross Asia among men who want it for themselves.
1	Main Show	Assassin at Peking	missing	wiped by the BBC; only the soundtrack and telesnaps survive	telesnap reconstruction only	no BBC release of any kind. All seven episodes were wiped and none has been animated, so John Cura telesnaps over the off-air soundtrack is the best that exists	2026-09-21	704x576 25fps AC-3	archive.org doctor-who-season-1-dvd | Marco Polo (disc 2) - Fanmade, MPEG-2 704x576 25fps, one AC-3 2.0 track, no subtitle track on the disc. MakeMKV title 6, container change only, nothing re-encoded	1964-04-04	On the roof of the world the travellers fall in with Marco Polo's caravan, and he takes the TARDIS as a gift to buy his way home from Kublai Khan's court. Without it they must cross Asia among men who want it for themselves.
1	Main Show	The Sea of Death	ok		576i PAL DVD	576i PAL Region 2 DVD. No HD release exists: Season 1 is not in the Doctor Who: The Collection Blu-ray range (19 of 26 seasons as of Sep 2026) and no Season 1 set has been announced	2026-09-21	720x576 25fps AC-3	archive.org doctor-who-season-1-dvd | The Keys Of Marinus, MPEG-2 720x576 25fps, 2 AC-3 tracks (episode plus commentary), 2 English VobSub tracks inside. MakeMKV title 1, container change only, nothing re-encoded	1964-04-11	An old man guards a machine that has kept a whole world free of crime, and its keys have been scattered to stop it being seized. The travellers are sent to fetch them back, each from a place built to kill whoever comes.
1	Main Show	The Velvet Web	ok		576i PAL DVD	576i PAL Region 2 DVD. No HD release exists: Season 1 is not in the Doctor Who: The Collection Blu-ray range (19 of 26 seasons as of Sep 2026) and no Season 1 set has been announced	2026-09-21	720x576 25fps AC-3	archive.org doctor-who-season-1-dvd | The Keys Of Marinus, MPEG-2 720x576 25fps, 2 AC-3 tracks (episode plus commentary), 2 English VobSub tracks inside. MakeMKV title 2, container change only, nothing re-encoded	1964-04-18	An old man guards a machine that has kept a whole world free of crime, and its keys have been scattered to stop it being seized. The travellers are sent to fetch them back, each from a place built to kill whoever comes.
1	Main Show	The Screaming Jungle	ok		576i PAL DVD	576i PAL Region 2 DVD. No HD release exists: Season 1 is not in the Doctor Who: The Collection Blu-ray range (19 of 26 seasons as of Sep 2026) and no Season 1 set has been announced	2026-09-21	720x576 25fps AC-3	archive.org doctor-who-season-1-dvd | The Keys Of Marinus, MPEG-2 720x576 25fps, 2 AC-3 tracks (episode plus commentary), 2 English VobSub tracks inside. MakeMKV title 3, container change only, nothing re-encoded	1964-04-25	An old man guards a machine that has kept a whole world free of crime, and its keys have been scattered to stop it being seized. The travellers are sent to fetch them back, each from a place built to kill whoever comes.
1	Main Show	The Snows of Terror	ok		576i PAL DVD	576i PAL Region 2 DVD. No HD release exists: Season 1 is not in the Doctor Who: The Collection Blu-ray range (19 of 26 seasons as of Sep 2026) and no Season 1 set has been announced	2026-09-21	720x576 25fps AC-3	archive.org doctor-who-season-1-dvd | The Keys Of Marinus, MPEG-2 720x576 25fps, 2 AC-3 tracks (episode plus commentary), 2 English VobSub tracks inside. MakeMKV title 4, container change only, nothing re-encoded	1964-05-02	An old man guards a machine that has kept a whole world free of crime, and its keys have been scattered to stop it being seized. The travellers are sent to fetch them back, each from a place built to kill whoever comes.
1	Main Show	Sentence of Death	ok		576i PAL DVD	576i PAL Region 2 DVD. No HD release exists: Season 1 is not in the Doctor Who: The Collection Blu-ray range (19 of 26 seasons as of Sep 2026) and no Season 1 set has been announced	2026-09-21	720x576 25fps AC-3	archive.org doctor-who-season-1-dvd | The Keys Of Marinus, MPEG-2 720x576 25fps, 2 AC-3 tracks (episode plus commentary), 2 English VobSub tracks inside. MakeMKV title 5, container change only, nothing re-encoded	1964-05-09	An old man guards a machine that has kept a whole world free of crime, and its keys have been scattered to stop it being seized. The travellers are sent to fetch them back, each from a place built to kill whoever comes.
1	Main Show	The Keys of Marinus	ok		576i PAL DVD	576i PAL Region 2 DVD. No HD release exists: Season 1 is not in the Doctor Who: The Collection Blu-ray range (19 of 26 seasons as of Sep 2026) and no Season 1 set has been announced	2026-09-21	720x576 25fps AC-3	archive.org doctor-who-season-1-dvd | The Keys Of Marinus, MPEG-2 720x576 25fps, 2 AC-3 tracks (episode plus commentary), 2 English VobSub tracks inside. MakeMKV title 6, container change only, nothing re-encoded	1964-05-16	An old man guards a machine that has kept a whole world free of crime, and its keys have been scattered to stop it being seized. The travellers are sent to fetch them back, each from a place built to kill whoever comes.
1	Main Show	The Temple of Evil	ok		576i PAL DVD	576i PAL Region 2 DVD. No HD release exists: Season 1 is not in the Doctor Who: The Collection Blu-ray range (19 of 26 seasons as of Sep 2026) and no Season 1 set has been announced	2026-09-21	720x576 25fps AC-3	archive.org doctor-who-season-1-dvd | The Aztecs (disc 1), MPEG-2 720x576 25fps, 2 AC-3 tracks (episode plus commentary), 2 English VobSub tracks inside. MakeMKV title 0, container change only, nothing re-encoded	1964-05-23	Barbara is mistaken for a reincarnated goddess in fifteenth-century Mexico and decides to use the authority to end human sacrifice. The Doctor warns her that history cannot be rewritten, and the high priest is already watching.
1	Main Show	The Warriors of Death	ok		576i PAL DVD	576i PAL Region 2 DVD. No HD release exists: Season 1 is not in the Doctor Who: The Collection Blu-ray range (19 of 26 seasons as of Sep 2026) and no Season 1 set has been announced	2026-09-21	720x576 25fps AC-3	archive.org doctor-who-season-1-dvd | The Aztecs (disc 1), MPEG-2 720x576 25fps, 2 AC-3 tracks (episode plus commentary), 2 English VobSub tracks inside. MakeMKV title 1, container change only, nothing re-encoded	1964-05-30	Barbara is mistaken for a reincarnated goddess in fifteenth-century Mexico and decides to use the authority to end human sacrifice. The Doctor warns her that history cannot be rewritten, and the high priest is already watching.
1	Main Show	The Bride of Sacrifice	ok		576i PAL DVD	576i PAL Region 2 DVD. No HD release exists: Season 1 is not in the Doctor Who: The Collection Blu-ray range (19 of 26 seasons as of Sep 2026) and no Season 1 set has been announced	2026-09-21	720x576 25fps AC-3	archive.org doctor-who-season-1-dvd | The Aztecs (disc 1), MPEG-2 720x576 25fps, 2 AC-3 tracks (episode plus commentary), 2 English VobSub tracks inside. MakeMKV title 2, container change only, nothing re-encoded	1964-06-06	Barbara is mistaken for a reincarnated goddess in fifteenth-century Mexico and decides to use the authority to end human sacrifice. The Doctor warns her that history cannot be rewritten, and the high priest is already watching.
1	Main Show	The Day of Darkness	ok		576i PAL DVD	576i PAL Region 2 DVD. No HD release exists: Season 1 is not in the Doctor Who: The Collection Blu-ray range (19 of 26 seasons as of Sep 2026) and no Season 1 set has been announced	2026-09-21	720x576 25fps AC-3	archive.org doctor-who-season-1-dvd | The Aztecs (disc 1), MPEG-2 720x576 25fps, 3 AC-3 tracks (episode plus commentary), 2 English VobSub tracks inside. MakeMKV title 4, container change only, nothing re-encoded	1964-06-13	Barbara is mistaken for a reincarnated goddess in fifteenth-century Mexico and decides to use the authority to end human sacrifice. The Doctor warns her that history cannot be rewritten, and the high priest is already watching.
1	Main Show	Strangers in Space	ok		576i PAL DVD	576i PAL Region 2 DVD. No HD release exists: Season 1 is not in the Doctor Who: The Collection Blu-ray range (19 of 26 seasons as of Sep 2026) and no Season 1 set has been announced	2026-09-21	720x576 25fps AC-3	archive.org doctor-who-season-1-dvd | The Sensorites, MPEG-2 720x576 25fps, 2 AC-3 tracks (episode plus commentary), 2 English VobSub tracks inside. MakeMKV title 1, container change only, nothing re-encoded	1964-06-20	A spaceship drifts near the Sense-Sphere with its crew held in a waking sleep by the planet below. The Sensorites fear what humans did the last time they came, and they will not let this ship leave either.
1	Main Show	The Unwilling Warriors	ok		576i PAL DVD	576i PAL Region 2 DVD. No HD release exists: Season 1 is not in the Doctor Who: The Collection Blu-ray range (19 of 26 seasons as of Sep 2026) and no Season 1 set has been announced	2026-09-21	720x576 25fps AC-3	archive.org doctor-who-season-1-dvd | The Sensorites, MPEG-2 720x576 25fps, 2 AC-3 tracks (episode plus commentary), 2 English VobSub tracks inside. MakeMKV title 2, container change only, nothing re-encoded	1964-06-27	A spaceship drifts near the Sense-Sphere with its crew held in a waking sleep by the planet below. The Sensorites fear what humans did the last time they came, and they will not let this ship leave either.
1	Main Show	Hidden Danger	ok		576i PAL DVD	576i PAL Region 2 DVD. No HD release exists: Season 1 is not in the Doctor Who: The Collection Blu-ray range (19 of 26 seasons as of Sep 2026) and no Season 1 set has been announced	2026-09-21	720x576 25fps AC-3	archive.org doctor-who-season-1-dvd | The Sensorites, MPEG-2 720x576 25fps, 2 AC-3 tracks (episode plus commentary), 2 English VobSub tracks inside. MakeMKV title 3, container change only, nothing re-encoded	1964-07-11	A spaceship drifts near the Sense-Sphere with its crew held in a waking sleep by the planet below. The Sensorites fear what humans did the last time they came, and they will not let this ship leave either.
1	Main Show	A Race Against Death	ok		576i PAL DVD	576i PAL Region 2 DVD. No HD release exists: Season 1 is not in the Doctor Who: The Collection Blu-ray range (19 of 26 seasons as of Sep 2026) and no Season 1 set has been announced	2026-09-21	720x576 25fps AC-3	archive.org doctor-who-season-1-dvd | The Sensorites, MPEG-2 720x576 25fps, 2 AC-3 tracks (episode plus commentary), 2 English VobSub tracks inside. MakeMKV title 4, container change only, nothing re-encoded	1964-07-18	A spaceship drifts near the Sense-Sphere with its crew held in a waking sleep by the planet below. The Sensorites fear what humans did the last time they came, and they will not let this ship leave either.
1	Main Show	Kidnap	ok		576i PAL DVD	576i PAL Region 2 DVD. No HD release exists: Season 1 is not in the Doctor Who: The Collection Blu-ray range (19 of 26 seasons as of Sep 2026) and no Season 1 set has been announced	2026-09-21	720x576 25fps AC-3	archive.org doctor-who-season-1-dvd | The Sensorites, MPEG-2 720x576 25fps, 2 AC-3 tracks (episode plus commentary), 2 English VobSub tracks inside. MakeMKV title 6, container change only, nothing re-encoded	1964-07-25	A spaceship drifts near the Sense-Sphere with its crew held in a waking sleep by the planet below. The Sensorites fear what humans did the last time they came, and they will not let this ship leave either.
1	Main Show	A Desperate Venture	ok		576i PAL DVD	576i PAL Region 2 DVD. No HD release exists: Season 1 is not in the Doctor Who: The Collection Blu-ray range (19 of 26 seasons as of Sep 2026) and no Season 1 set has been announced	2026-09-21	720x576 25fps AC-3	archive.org doctor-who-season-1-dvd | The Sensorites, MPEG-2 720x576 25fps, 2 AC-3 tracks (episode plus commentary), 2 English VobSub tracks inside. MakeMKV title 7, container change only, nothing re-encoded	1964-08-01	A spaceship drifts near the Sense-Sphere with its crew held in a waking sleep by the planet below. The Sensorites fear what humans did the last time they came, and they will not let this ship leave either.
1	Main Show	A Land of Fear	ok		576i PAL DVD	576i PAL Region 2 DVD. No HD release exists: Season 1 is not in the Doctor Who: The Collection Blu-ray range (19 of 26 seasons as of Sep 2026) and no Season 1 set has been announced	2026-09-21	720x576 25fps AC-3	archive.org doctor-who-season-1-dvd | The Reign of Terror, MPEG-2 720x576 25fps, 2 AC-3 tracks (episode plus commentary), 2 English VobSub tracks inside. MakeMKV title 0, container change only, nothing re-encoded	1964-08-08	The travellers arrive outside Paris at the height of the Terror and are swept up in arrests, betrayals and the queue for the guillotine. Getting back to the TARDIS means surviving a city where any name can be denounced.
1	Main Show	Guests of Madame Guillotine	ok		576i PAL DVD	576i PAL Region 2 DVD. No HD release exists: Season 1 is not in the Doctor Who: The Collection Blu-ray range (19 of 26 seasons as of Sep 2026) and no Season 1 set has been announced	2026-09-21	720x576 25fps AC-3	archive.org doctor-who-season-1-dvd | The Reign of Terror, MPEG-2 720x576 25fps, 2 AC-3 tracks (episode plus commentary), 2 English VobSub tracks inside. MakeMKV title 1, container change only, nothing re-encoded	1964-08-15	The travellers arrive outside Paris at the height of the Terror and are swept up in arrests, betrayals and the queue for the guillotine. Getting back to the TARDIS means surviving a city where any name can be denounced.
1	Main Show	A Change of Identity	ok		576i PAL DVD	576i PAL Region 2 DVD. No HD release exists: Season 1 is not in the Doctor Who: The Collection Blu-ray range (19 of 26 seasons as of Sep 2026) and no Season 1 set has been announced	2026-09-21	720x576 25fps AC-3	archive.org doctor-who-season-1-dvd | The Reign of Terror, MPEG-2 720x576 25fps, 2 AC-3 tracks (episode plus commentary), 2 English VobSub tracks inside. MakeMKV title 2, container change only, nothing re-encoded	1964-08-22	The travellers arrive outside Paris at the height of the Terror and are swept up in arrests, betrayals and the queue for the guillotine. Getting back to the TARDIS means surviving a city where any name can be denounced.
1	Animated Restoration	The Tyrant of France	ok		576i PAL DVD	576i PAL Region 2 DVD. No HD release exists: Season 1 is not in the Doctor Who: The Collection Blu-ray range (19 of 26 seasons as of Sep 2026) and no Season 1 set has been announced	2026-09-21	720x576 25fps AC-3	archive.org doctor-who-season-1-dvd | The Reign of Terror, MPEG-2 720x576 25fps, 2 AC-3 tracks (episode plus commentary), 1 English VobSub track inside. MakeMKV title 5, container change only, nothing re-encoded	1964-08-29	The travellers arrive outside Paris at the height of the Terror and are swept up in arrests, betrayals and the queue for the guillotine. Getting back to the TARDIS means surviving a city where any name can be denounced.
1	Animated Restoration	A Bargain of Necessity	ok		576i PAL DVD	576i PAL Region 2 DVD. No HD release exists: Season 1 is not in the Doctor Who: The Collection Blu-ray range (19 of 26 seasons as of Sep 2026) and no Season 1 set has been announced	2026-09-21	720x576 25fps AC-3	archive.org doctor-who-season-1-dvd | The Reign of Terror, MPEG-2 720x576 25fps, 2 AC-3 tracks (episode plus commentary), 1 English VobSub track inside. MakeMKV title 6, container change only, nothing re-encoded	1964-09-05	The travellers arrive outside Paris at the height of the Terror and are swept up in arrests, betrayals and the queue for the guillotine. Getting back to the TARDIS means surviving a city where any name can be denounced.
1	Main Show	Prisoners of Conciergerie	ok		576i PAL DVD	576i PAL Region 2 DVD. No HD release exists: Season 1 is not in the Doctor Who: The Collection Blu-ray range (19 of 26 seasons as of Sep 2026) and no Season 1 set has been announced	2026-09-21	720x576 25fps AC-3	archive.org doctor-who-season-1-dvd | The Reign of Terror, MPEG-2 720x576 25fps, 2 AC-3 tracks (episode plus commentary), 2 English VobSub tracks inside. MakeMKV title 4, container change only, nothing re-encoded	1964-09-12	The travellers arrive outside Paris at the height of the Terror and are swept up in arrests, betrayals and the queue for the guillotine. Getting back to the TARDIS means surviving a city where any name can be denounced.
2	Main Show	Planet of Giants	ok		1080p Blu-ray, The Collection season 2, VidFIRE restored	1080p Blu-ray. Doctor Who: The Collection - Season 2, December 2022, six discs, VidFIRE motion restoration, with optional CGI-effects versions of some episodes. No UHD release exists and none is announced	2026-09-21	1920x1080 25fps DTS	The Collection season 2 Blu-ray | 1080p25 HEVC off the disc, VidFIRE restored, 6 DTS 2.0 tracks (episode plus commentaries) and 2 English PGS tracks inside, 2.06 GB	1964-10-31	The TARDIS doors open early and the crew step out an inch tall into an English garden where a scientist has just been murdered. A pesticide that kills everything it touches is about to be licensed, and nobody their size can raise the alarm.
2	Main Show	Dangerous Journey	ok		1080p Blu-ray, The Collection season 2, VidFIRE restored	1080p Blu-ray. Doctor Who: The Collection - Season 2, December 2022, six discs, VidFIRE motion restoration, with optional CGI-effects versions of some episodes. No UHD release exists and none is announced	2026-09-21	1920x1080 25fps DTS	The Collection season 2 Blu-ray | 1080p25 HEVC off the disc, VidFIRE restored, 6 DTS 2.0 tracks (episode plus commentaries) and 2 English PGS tracks inside, 1.95 GB	1964-11-07	The TARDIS doors open early and the crew step out an inch tall into an English garden where a scientist has just been murdered. A pesticide that kills everything it touches is about to be licensed, and nobody their size can raise the alarm.
2	Main Show	Crisis	ok		1080p Blu-ray, The Collection season 2, VidFIRE restored	1080p Blu-ray. Doctor Who: The Collection - Season 2, December 2022, six discs, VidFIRE motion restoration, with optional CGI-effects versions of some episodes. No UHD release exists and none is announced	2026-09-21	1920x1080 25fps DTS	The Collection season 2 Blu-ray | 1080p25 HEVC off the disc, VidFIRE restored, 6 DTS 2.0 tracks (episode plus commentaries) and 2 English PGS tracks inside, 2.20 GB	1964-11-14	The TARDIS doors open early and the crew step out an inch tall into an English garden where a scientist has just been murdered. A pesticide that kills everything it touches is about to be licensed, and nobody their size can raise the alarm.
2	Main Show	World's End	ok		1080p Blu-ray, The Collection season 2, VidFIRE restored	1080p Blu-ray. Doctor Who: The Collection - Season 2, December 2022, six discs, VidFIRE motion restoration, with optional CGI-effects versions of some episodes. No UHD release exists and none is announced	2026-09-21	1920x1080 25fps DTS	The Collection season 2 Blu-ray | 1080p25 HEVC off the disc, VidFIRE restored, 6 DTS 2.0 tracks (episode plus commentaries) and 2 English PGS tracks inside, 2.11 GB	1964-11-21	London in the twenty-second century is a ruin patrolled by Daleks, its people worked to death or converted into Robomen. A resistance cell is planning one last attack on the mine the invaders are digging.
2	Main Show	The Daleks	ok		1080p Blu-ray, The Collection season 2, VidFIRE restored	1080p Blu-ray. Doctor Who: The Collection - Season 2, December 2022, six discs, VidFIRE motion restoration, with optional CGI-effects versions of some episodes. No UHD release exists and none is announced	2026-09-21	1920x1080 25fps DTS	The Collection season 2 Blu-ray | 1080p25 HEVC off the disc, VidFIRE restored, 6 DTS 2.0 tracks (episode plus commentaries) and 2 English PGS tracks inside, 2.34 GB	1964-11-28	London in the twenty-second century is a ruin patrolled by Daleks, its people worked to death or converted into Robomen. A resistance cell is planning one last attack on the mine the invaders are digging.
2	Main Show	Day of Reckoning	ok		1080p Blu-ray, The Collection season 2, VidFIRE restored	1080p Blu-ray. Doctor Who: The Collection - Season 2, December 2022, six discs, VidFIRE motion restoration, with optional CGI-effects versions of some episodes. No UHD release exists and none is announced	2026-09-21	1920x1080 25fps DTS	The Collection season 2 Blu-ray | 1080p25 HEVC off the disc, VidFIRE restored, 6 DTS 2.0 tracks (episode plus commentaries) and 2 English PGS tracks inside, 2.79 GB	1964-12-05	London in the twenty-second century is a ruin patrolled by Daleks, its people worked to death or converted into Robomen. A resistance cell is planning one last attack on the mine the invaders are digging.
2	Main Show	The End of Tomorrow	ok		1080p Blu-ray, The Collection season 2, VidFIRE restored	1080p Blu-ray. Doctor Who: The Collection - Season 2, December 2022, six discs, VidFIRE motion restoration, with optional CGI-effects versions of some episodes. No UHD release exists and none is announced	2026-09-21	1920x1080 25fps DTS	The Collection season 2 Blu-ray | 1080p25 HEVC off the disc, VidFIRE restored, 6 DTS 2.0 tracks (episode plus commentaries) and 2 English PGS tracks inside, 2.23 GB	1964-12-12	London in the twenty-second century is a ruin patrolled by Daleks, its people worked to death or converted into Robomen. A resistance cell is planning one last attack on the mine the invaders are digging.
2	Main Show	The Waking Ally	ok		1080p Blu-ray, The Collection season 2, VidFIRE restored	1080p Blu-ray. Doctor Who: The Collection - Season 2, December 2022, six discs, VidFIRE motion restoration, with optional CGI-effects versions of some episodes. No UHD release exists and none is announced	2026-09-21	1920x1080 25fps DTS	The Collection season 2 Blu-ray | 1080p25 HEVC off the disc, VidFIRE restored, 6 DTS 2.0 tracks (episode plus commentaries) and 2 English PGS tracks inside, 2.12 GB	1964-12-19	London in the twenty-second century is a ruin patrolled by Daleks, its people worked to death or converted into Robomen. A resistance cell is planning one last attack on the mine the invaders are digging.
2	Main Show	Flashpoint	ok		1080p Blu-ray, The Collection season 2, VidFIRE restored	1080p Blu-ray. Doctor Who: The Collection - Season 2, December 2022, six discs, VidFIRE motion restoration, with optional CGI-effects versions of some episodes. No UHD release exists and none is announced	2026-09-21	1920x1080 25fps DTS	The Collection season 2 Blu-ray | 1080p25 HEVC off the disc, VidFIRE restored, 6 DTS 2.0 tracks (episode plus commentaries) and 2 English PGS tracks inside, 2.41 GB	1964-12-26	London in the twenty-second century is a ruin patrolled by Daleks, its people worked to death or converted into Robomen. A resistance cell is planning one last attack on the mine the invaders are digging.
2	Main Show	The Powerful Enemy	ok		1080p Blu-ray, The Collection season 2, VidFIRE restored	1080p Blu-ray. Doctor Who: The Collection - Season 2, December 2022, six discs, VidFIRE motion restoration, with optional CGI-effects versions of some episodes. No UHD release exists and none is announced	2026-09-21	1920x1080 25fps DTS	The Collection season 2 Blu-ray | 1080p25 HEVC off the disc, VidFIRE restored, 4 DTS 2.0 tracks (episode plus commentaries) and 2 English PGS tracks inside, 1.57 GB	1965-01-02	A crashed ship on Dido holds two survivors waiting for rescue and terrorised by a creature called Koquillion. The Doctor knew this planet as a peaceful place, and the story he is being told does not fit it.
2	Main Show	Desperate Measures	ok		1080p Blu-ray, The Collection season 2, VidFIRE restored	1080p Blu-ray. Doctor Who: The Collection - Season 2, December 2022, six discs, VidFIRE motion restoration, with optional CGI-effects versions of some episodes. No UHD release exists and none is announced	2026-09-21	1920x1080 25fps DTS	The Collection season 2 Blu-ray | 1080p25 HEVC off the disc, VidFIRE restored, 4 DTS 2.0 tracks (episode plus commentaries) and 2 English PGS tracks inside, 1.50 GB	1965-01-09	A crashed ship on Dido holds two survivors waiting for rescue and terrorised by a creature called Koquillion. The Doctor knew this planet as a peaceful place, and the story he is being told does not fit it.
2	Main Show	The Slave Traders	ok		1080p Blu-ray, The Collection season 2, VidFIRE restored	1080p Blu-ray. Doctor Who: The Collection - Season 2, December 2022, six discs, VidFIRE motion restoration, with optional CGI-effects versions of some episodes. No UHD release exists and none is announced	2026-09-21	1920x1080 25fps DTS	The Collection season 2 Blu-ray | 1080p25 HEVC off the disc, VidFIRE restored, 4 DTS 2.0 tracks (episode plus commentaries) and 2 English PGS tracks inside, 1.55 GB	1965-01-16	Resting in a villa outside Rome, the travellers are separated, two sold into slavery and the Doctor mistaken for a murdered lyre player summoned to court. Playing along in front of Nero is safer than admitting the truth.
2	Main Show	All Roads Lead to Rome	ok		1080p Blu-ray, The Collection season 2, VidFIRE restored	1080p Blu-ray. Doctor Who: The Collection - Season 2, December 2022, six discs, VidFIRE motion restoration, with optional CGI-effects versions of some episodes. No UHD release exists and none is announced	2026-09-21	1920x1080 25fps DTS	The Collection season 2 Blu-ray | 1080p25 HEVC off the disc, VidFIRE restored, 4 DTS 2.0 tracks (episode plus commentaries) and 2 English PGS tracks inside, 1.57 GB	1965-01-23	Resting in a villa outside Rome, the travellers are separated, two sold into slavery and the Doctor mistaken for a murdered lyre player summoned to court. Playing along in front of Nero is safer than admitting the truth.
2	Main Show	Conspiracy	ok		1080p Blu-ray, The Collection season 2, VidFIRE restored	1080p Blu-ray. Doctor Who: The Collection - Season 2, December 2022, six discs, VidFIRE motion restoration, with optional CGI-effects versions of some episodes. No UHD release exists and none is announced	2026-09-21	1920x1080 25fps DTS	The Collection season 2 Blu-ray | 1080p25 HEVC off the disc, VidFIRE restored, 4 DTS 2.0 tracks (episode plus commentaries) and 2 English PGS tracks inside, 1.78 GB	1965-01-30	Resting in a villa outside Rome, the travellers are separated, two sold into slavery and the Doctor mistaken for a murdered lyre player summoned to court. Playing along in front of Nero is safer than admitting the truth.
2	Main Show	Inferno	ok		1080p Blu-ray, The Collection season 2, VidFIRE restored	1080p Blu-ray. Doctor Who: The Collection - Season 2, December 2022, six discs, VidFIRE motion restoration, with optional CGI-effects versions of some episodes. No UHD release exists and none is announced	2026-09-21	1920x1080 25fps DTS	The Collection season 2 Blu-ray | 1080p25 HEVC off the disc, VidFIRE restored, 4 DTS 2.0 tracks (episode plus commentaries) and 2 English PGS tracks inside, 1.59 GB	1965-02-06	A drilling project to reach the Earth's crust brings up a green slime that turns men into savage creatures. A mishap throws the Doctor sideways into a fascist Britain where the same drill is further along.
2	Main Show	The Web Planet	ok		1080p Blu-ray, The Collection season 2, VidFIRE restored	1080p Blu-ray. Doctor Who: The Collection - Season 2, December 2022, six discs, VidFIRE motion restoration, with optional CGI-effects versions of some episodes. No UHD release exists and none is announced	2026-09-21	1920x1080 25fps DTS	The Collection season 2 Blu-ray | 1080p25 HEVC off the disc, VidFIRE restored, 4 DTS 2.0 tracks (episode plus commentaries) and 2 English PGS tracks inside, 1.44 GB	1965-02-13	The TARDIS is dragged down to Vortis, a world of ammonia pools where the butterfly-like Menoptra have been driven out by the Zarbi. Something at the planet's heart is directing the insects and is reaching for the ship.
2	Main Show	The Zarbi	ok		1080p Blu-ray, The Collection season 2, VidFIRE restored	1080p Blu-ray. Doctor Who: The Collection - Season 2, December 2022, six discs, VidFIRE motion restoration, with optional CGI-effects versions of some episodes. No UHD release exists and none is announced	2026-09-21	1920x1080 25fps DTS	The Collection season 2 Blu-ray | 1080p25 HEVC off the disc, VidFIRE restored, 4 DTS 2.0 tracks (episode plus commentaries) and 2 English PGS tracks inside, 1.40 GB	1965-02-20	The TARDIS is dragged down to Vortis, a world of ammonia pools where the butterfly-like Menoptra have been driven out by the Zarbi. Something at the planet's heart is directing the insects and is reaching for the ship.
2	Main Show	Escape to Danger	ok		1080p Blu-ray, The Collection season 2, VidFIRE restored	1080p Blu-ray. Doctor Who: The Collection - Season 2, December 2022, six discs, VidFIRE motion restoration, with optional CGI-effects versions of some episodes. No UHD release exists and none is announced	2026-09-21	1920x1080 25fps DTS	The Collection season 2 Blu-ray | 1080p25 HEVC off the disc, VidFIRE restored, 4 DTS 2.0 tracks (episode plus commentaries) and 2 English PGS tracks inside, 1.31 GB	1965-02-27	The TARDIS is dragged down to Vortis, a world of ammonia pools where the butterfly-like Menoptra have been driven out by the Zarbi. Something at the planet's heart is directing the insects and is reaching for the ship.
2	Main Show	Crater of Needles	ok		1080p Blu-ray, The Collection season 2, VidFIRE restored	1080p Blu-ray. Doctor Who: The Collection - Season 2, December 2022, six discs, VidFIRE motion restoration, with optional CGI-effects versions of some episodes. No UHD release exists and none is announced	2026-09-21	1920x1080 25fps DTS	The Collection season 2 Blu-ray | 1080p25 HEVC off the disc, VidFIRE restored, 4 DTS 2.0 tracks (episode plus commentaries) and 2 English PGS tracks inside, 1.49 GB	1965-03-06	The TARDIS is dragged down to Vortis, a world of ammonia pools where the butterfly-like Menoptra have been driven out by the Zarbi. Something at the planet's heart is directing the insects and is reaching for the ship.
2	Main Show	Invasion	ok		1080p Blu-ray, The Collection season 2, VidFIRE restored	1080p Blu-ray. Doctor Who: The Collection - Season 2, December 2022, six discs, VidFIRE motion restoration, with optional CGI-effects versions of some episodes. No UHD release exists and none is announced	2026-09-21	1920x1080 25fps DTS	The Collection season 2 Blu-ray | 1080p25 HEVC off the disc, VidFIRE restored, 4 DTS 2.0 tracks (episode plus commentaries) and 2 English PGS tracks inside, 1.53 GB	1965-03-13	The TARDIS is dragged down to Vortis, a world of ammonia pools where the butterfly-like Menoptra have been driven out by the Zarbi. Something at the planet's heart is directing the insects and is reaching for the ship.
2	Main Show	The Centre	ok		1080p Blu-ray, The Collection season 2, VidFIRE restored	1080p Blu-ray. Doctor Who: The Collection - Season 2, December 2022, six discs, VidFIRE motion restoration, with optional CGI-effects versions of some episodes. No UHD release exists and none is announced	2026-09-21	1920x1080 25fps DTS	The Collection season 2 Blu-ray | 1080p25 HEVC off the disc, VidFIRE restored, 4 DTS 2.0 tracks (episode plus commentaries) and 2 English PGS tracks inside, 1.47 GB	1965-03-20	The TARDIS is dragged down to Vortis, a world of ammonia pools where the butterfly-like Menoptra have been driven out by the Zarbi. Something at the planet's heart is directing the insects and is reaching for the ship.
2	Main Show	The Lion	ok		1080p Blu-ray, The Collection season 2, VidFIRE restored	1080p Blu-ray. Doctor Who: The Collection - Season 2, December 2022, six discs, VidFIRE motion restoration, with optional CGI-effects versions of some episodes. No UHD release exists and none is announced	2026-09-21	1920x1080 25fps DTS	The Collection season 2 Blu-ray | 1080p25 HEVC off the disc, VidFIRE restored, 6 DTS 2.0 tracks (episode plus commentaries) and 3 English PGS tracks inside, 2.38 GB	1965-03-27	In Palestine the travellers are caught between Richard the Lionheart and Saladin, with Barbara taken by raiders and Ian sent after her. The Doctor is drawn into a marriage plot that could end the war or widen it.
2	Main Show	The Knight of Jaffa	missing	wiped by the BBC; only the soundtrack and telesnaps survive	1080p Blu-ray, The Collection season 2, VidFIRE restored	1080p Blu-ray. Doctor Who: The Collection - Season 2, December 2022, six discs, VidFIRE motion restoration, with optional CGI-effects versions of some episodes. No UHD release exists and none is announced	2026-09-21	1920x1080 25fps DTS	The Collection season 2 Blu-ray | 1080p25 HEVC off the disc, VidFIRE restored, 6 DTS 2.0 tracks (episode plus commentaries) and 3 English PGS tracks inside, 1.73 GB	1965-04-03	In Palestine the travellers are caught between Richard the Lionheart and Saladin, with Barbara taken by raiders and Ian sent after her. The Doctor is drawn into a marriage plot that could end the war or widen it.
2	Main Show	The Wheel of Fortune	ok		1080p Blu-ray, The Collection season 2, VidFIRE restored	1080p Blu-ray. Doctor Who: The Collection - Season 2, December 2022, six discs, VidFIRE motion restoration, with optional CGI-effects versions of some episodes. No UHD release exists and none is announced	2026-09-21	1920x1080 25fps DTS	The Collection season 2 Blu-ray | 1080p25 HEVC off the disc, VidFIRE restored, 6 DTS 2.0 tracks (episode plus commentaries) and 3 English PGS tracks inside, 2.40 GB	1965-04-10	In Palestine the travellers are caught between Richard the Lionheart and Saladin, with Barbara taken by raiders and Ian sent after her. The Doctor is drawn into a marriage plot that could end the war or widen it.
2	Main Show	The Warlords	missing	wiped by the BBC; only the soundtrack and telesnaps survive	1080p Blu-ray, The Collection season 2, VidFIRE restored	1080p Blu-ray. Doctor Who: The Collection - Season 2, December 2022, six discs, VidFIRE motion restoration, with optional CGI-effects versions of some episodes. No UHD release exists and none is announced	2026-09-21	1920x1080 25fps DTS	The Collection season 2 Blu-ray | 1080p25 HEVC off the disc, VidFIRE restored, 6 DTS 2.0 tracks (episode plus commentaries) and 3 English PGS tracks inside, 1.76 GB	1965-04-17	In Palestine the travellers are caught between Richard the Lionheart and Saladin, with Barbara taken by raiders and Ian sent after her. The Doctor is drawn into a marriage plot that could end the war or widen it.
2	Main Show	The Space Museum	ok		1080p Blu-ray, The Collection season 2, VidFIRE restored	1080p Blu-ray. Doctor Who: The Collection - Season 2, December 2022, six discs, VidFIRE motion restoration, with optional CGI-effects versions of some episodes. No UHD release exists and none is announced	2026-09-21	1920x1080 25fps DTS	The Collection season 2 Blu-ray | 1080p25 HEVC off the disc, VidFIRE restored, 4 DTS 2.0 tracks (episode plus commentaries) and 2 English PGS tracks inside, 1.41 GB	1965-04-24	The travellers arrive on Xeros a moment out of step with time and find themselves already exhibited in the museum as cases. Knowing the future they must avoid, any choice they make may be the one that puts them in the glass.
2	Main Show	The Dimensions of Time	ok		1080p Blu-ray, The Collection season 2, VidFIRE restored	1080p Blu-ray. Doctor Who: The Collection - Season 2, December 2022, six discs, VidFIRE motion restoration, with optional CGI-effects versions of some episodes. No UHD release exists and none is announced	2026-09-21	1920x1080 25fps DTS	The Collection season 2 Blu-ray | 1080p25 HEVC off the disc, VidFIRE restored, 4 DTS 2.0 tracks (episode plus commentaries) and 2 English PGS tracks inside, 1.32 GB	1965-05-01	The travellers arrive on Xeros a moment out of step with time and find themselves already exhibited in the museum as cases. Knowing the future they must avoid, any choice they make may be the one that puts them in the glass.
2	Main Show	The Search	ok		1080p Blu-ray, The Collection season 2, VidFIRE restored	1080p Blu-ray. Doctor Who: The Collection - Season 2, December 2022, six discs, VidFIRE motion restoration, with optional CGI-effects versions of some episodes. No UHD release exists and none is announced	2026-09-21	1920x1080 25fps DTS	The Collection season 2 Blu-ray | 1080p25 HEVC off the disc, VidFIRE restored, 4 DTS 2.0 tracks (episode plus commentaries) and 2 English PGS tracks inside, 1.41 GB	1965-05-08	The travellers arrive on Xeros a moment out of step with time and find themselves already exhibited in the museum as cases. Knowing the future they must avoid, any choice they make may be the one that puts them in the glass.
2	Main Show	The Final Phase	ok		1080p Blu-ray, The Collection season 2, VidFIRE restored	1080p Blu-ray. Doctor Who: The Collection - Season 2, December 2022, six discs, VidFIRE motion restoration, with optional CGI-effects versions of some episodes. No UHD release exists and none is announced	2026-09-21	1920x1080 25fps DTS	The Collection season 2 Blu-ray | 1080p25 HEVC off the disc, VidFIRE restored, 4 DTS 2.0 tracks (episode plus commentaries) and 2 English PGS tracks inside, 1.30 GB	1965-05-15	The travellers arrive on Xeros a moment out of step with time and find themselves already exhibited in the museum as cases. Knowing the future they must avoid, any choice they make may be the one that puts them in the glass.
2	Main Show	The Executioners	ok		1080p Blu-ray, The Collection season 2, VidFIRE restored	1080p Blu-ray. Doctor Who: The Collection - Season 2, December 2022, six discs, VidFIRE motion restoration, with optional CGI-effects versions of some episodes. No UHD release exists and none is announced	2026-09-21	1920x1080 25fps DTS	The Collection season 2 Blu-ray | 1080p25 HEVC off the disc, VidFIRE restored, 4 DTS 2.0 tracks (episode plus commentaries) and 2 English PGS tracks inside, 1.67 GB	1965-05-22	The Daleks build a time machine and send a crew after the TARDIS with orders to exterminate its occupants. The pursuit runs across a desert, a haunted house and the Empire State Building, and the travellers cannot stop running.
2	Main Show	The Death of Time	ok		1080p Blu-ray, The Collection season 2, VidFIRE restored	1080p Blu-ray. Doctor Who: The Collection - Season 2, December 2022, six discs, VidFIRE motion restoration, with optional CGI-effects versions of some episodes. No UHD release exists and none is announced	2026-09-21	1920x1080 25fps DTS	The Collection season 2 Blu-ray | 1080p25 HEVC off the disc, VidFIRE restored, 4 DTS 2.0 tracks (episode plus commentaries) and 2 English PGS tracks inside, 1.41 GB	1965-05-29	The Daleks build a time machine and send a crew after the TARDIS with orders to exterminate its occupants. The pursuit runs across a desert, a haunted house and the Empire State Building, and the travellers cannot stop running.
2	Main Show	Flight Through Eternity	ok		1080p Blu-ray, The Collection season 2, VidFIRE restored	1080p Blu-ray. Doctor Who: The Collection - Season 2, December 2022, six discs, VidFIRE motion restoration, with optional CGI-effects versions of some episodes. No UHD release exists and none is announced	2026-09-21	1920x1080 25fps DTS	The Collection season 2 Blu-ray | 1080p25 HEVC off the disc, VidFIRE restored, 4 DTS 2.0 tracks (episode plus commentaries) and 2 English PGS tracks inside, 1.69 GB	1965-06-05	The Daleks build a time machine and send a crew after the TARDIS with orders to exterminate its occupants. The pursuit runs across a desert, a haunted house and the Empire State Building, and the travellers cannot stop running.
2	Main Show	Journey into Terror	ok		1080p Blu-ray, The Collection season 2, VidFIRE restored	1080p Blu-ray. Doctor Who: The Collection - Season 2, December 2022, six discs, VidFIRE motion restoration, with optional CGI-effects versions of some episodes. No UHD release exists and none is announced	2026-09-21	1920x1080 25fps DTS	The Collection season 2 Blu-ray | 1080p25 HEVC off the disc, VidFIRE restored, 4 DTS 2.0 tracks (episode plus commentaries) and 2 English PGS tracks inside, 1.40 GB	1965-06-12	The Daleks build a time machine and send a crew after the TARDIS with orders to exterminate its occupants. The pursuit runs across a desert, a haunted house and the Empire State Building, and the travellers cannot stop running.
2	Main Show	The Death of Doctor Who	ok		1080p Blu-ray, The Collection season 2, VidFIRE restored	1080p Blu-ray. Doctor Who: The Collection - Season 2, December 2022, six discs, VidFIRE motion restoration, with optional CGI-effects versions of some episodes. No UHD release exists and none is announced	2026-09-21	1920x1080 25fps DTS	The Collection season 2 Blu-ray | 1080p25 HEVC off the disc, VidFIRE restored, 4 DTS 2.0 tracks (episode plus commentaries) and 2 English PGS tracks inside, 1.38 GB	1965-06-19	The Daleks build a time machine and send a crew after the TARDIS with orders to exterminate its occupants. The pursuit runs across a desert, a haunted house and the Empire State Building, and the travellers cannot stop running.
2	Main Show	The Planet of Decision	ok		1080p Blu-ray, The Collection season 2, VidFIRE restored	1080p Blu-ray. Doctor Who: The Collection - Season 2, December 2022, six discs, VidFIRE motion restoration, with optional CGI-effects versions of some episodes. No UHD release exists and none is announced	2026-09-21	1920x1080 25fps DTS	The Collection season 2 Blu-ray | 1080p25 HEVC off the disc, VidFIRE restored, 4 DTS 2.0 tracks (episode plus commentaries) and 2 English PGS tracks inside, 1.67 GB	1965-06-26	The Daleks build a time machine and send a crew after the TARDIS with orders to exterminate its occupants. The pursuit runs across a desert, a haunted house and the Empire State Building, and the travellers cannot stop running.
2	Main Show	The Watcher	ok		1080p Blu-ray, The Collection season 2, VidFIRE restored	1080p Blu-ray. Doctor Who: The Collection - Season 2, December 2022, six discs, VidFIRE motion restoration, with optional CGI-effects versions of some episodes. No UHD release exists and none is announced	2026-09-21	1920x1080 25fps DTS	The Collection season 2 Blu-ray | 1080p25 HEVC off the disc, VidFIRE restored, 4 DTS 2.0 tracks (episode plus commentaries) and 2 English PGS tracks inside, 1.48 GB	1965-07-03	In Northumbria in 1066 a monk keeps a gramophone in his monastery and takes a close interest in the Viking fleet. He is another of the Doctor's own people, and he means to change how the year turns out.
2	Main Show	The Meddling Monk	ok		1080p Blu-ray, The Collection season 2, VidFIRE restored	1080p Blu-ray. Doctor Who: The Collection - Season 2, December 2022, six discs, VidFIRE motion restoration, with optional CGI-effects versions of some episodes. No UHD release exists and none is announced	2026-09-21	1920x1080 25fps DTS	The Collection season 2 Blu-ray | 1080p25 HEVC off the disc, VidFIRE restored, 4 DTS 2.0 tracks (episode plus commentaries) and 2 English PGS tracks inside, 1.80 GB	1965-07-10	In Northumbria in 1066 a monk keeps a gramophone in his monastery and takes a close interest in the Viking fleet. He is another of the Doctor's own people, and he means to change how the year turns out.
2	Main Show	A Battle of Wits	ok		1080p Blu-ray, The Collection season 2, VidFIRE restored	1080p Blu-ray. Doctor Who: The Collection - Season 2, December 2022, six discs, VidFIRE motion restoration, with optional CGI-effects versions of some episodes. No UHD release exists and none is announced	2026-09-21	1920x1080 25fps DTS	The Collection season 2 Blu-ray | 1080p25 HEVC off the disc, VidFIRE restored, 4 DTS 2.0 tracks (episode plus commentaries) and 2 English PGS tracks inside, 1.56 GB	1965-07-17	In Northumbria in 1066 a monk keeps a gramophone in his monastery and takes a close interest in the Viking fleet. He is another of the Doctor's own people, and he means to change how the year turns out.
2	Main Show	Checkmate	ok		1080p Blu-ray, The Collection season 2, VidFIRE restored	1080p Blu-ray. Doctor Who: The Collection - Season 2, December 2022, six discs, VidFIRE motion restoration, with optional CGI-effects versions of some episodes. No UHD release exists and none is announced	2026-09-21	1920x1080 25fps DTS	The Collection season 2 Blu-ray | 1080p25 HEVC off the disc, VidFIRE restored, 4 DTS 2.0 tracks (episode plus commentaries) and 2 English PGS tracks inside, 1.44 GB	1965-07-24	In Northumbria in 1066 a monk keeps a gramophone in his monastery and takes a close interest in the Viking fleet. He is another of the Doctor's own people, and he means to change how the year turns out.
2	Minisode	The Storyteller	ok		1080p YouTube, official @DoctorWho channel	1080p25 H.264 on the official @DoctorWho channel (_UaZTZ6qBQo). A webcast promo for the Season 2 set, never on the disc itself, so the upload is the release	2026-09-21	1920x1080 25fps AAC	YouTube | official @DoctorWho channel, _UaZTZ6qBQo, 1080p25 H.264 AAC. The upload is the announcement trailer, so the minisode is cut out of it at 190.88 s, one frame before the voiceover says "Doctor Who"; the disc never carried it. Subtitle generated, the upload has none	2022-08-16	
3	Animated Restoration	Four Hundred Dawns	ok		1080p iPlayer, original version, H.264 AAC	1080p on BBC iPlayer, original version, PID p0ghdp1p, expires Sep 2031. No UHD and no better transfer reported	2026-09-21	1920x1080 50fps AAC	get_iplayer | original version, PID p0ghdp1p, dashfhd1, 1920x1080 50fps H.264 AAC 2.0, 2.82 Mbps, 488 MB. The BBC subtitle track alongside it, house-styled	1965-09-11	Two crashed ships face each other on a dying planet, one crewed by the beautiful Drahvins and one by the reptilian Rills. Each side asks the travellers for help, and the planet has days left before it tears itself apart.
3	Animated Restoration	Trap of Steel	ok		1080p iPlayer, original version, H.264 AAC	1080p on BBC iPlayer, original version, PID p0ghdpmk, expires Sep 2031. No UHD and no better transfer reported	2026-09-21	1920x1080 50fps AAC	get_iplayer | original version, PID p0ghdpmk, dashfhd1, 1920x1080 50fps H.264 AAC 2.0, 2.65 Mbps, 513 MB. The BBC subtitle track alongside it, house-styled	1965-09-18	Two crashed ships face each other on a dying planet, one crewed by the beautiful Drahvins and one by the reptilian Rills. Each side asks the travellers for help, and the planet has days left before it tears itself apart.
3	Main Show	Air Lock	ok		1080p Blu-ray, the Galaxy 4 animated release	1080p Blu-ray. Galaxy 4 was animated for its 2021 release and the disc carries the one surviving live-action episode in HD alongside it. This is what the bucket already holds, at 1920x1080 with two subtitle tracks, so the row is at its target. iPlayer offers fhd only on the signed version, which is a composited render and not a better master	2026-09-21	1920x1080 25fps AAC	held before Sep 2026, provenance unrecorded | 1920x1080 H.264 AAC 2.0 with a second track, about 696 MB, 2 subtitle tracks inside	1965-09-25	Two crashed ships face each other on a dying planet, one crewed by the beautiful Drahvins and one by the reptilian Rills. Each side asks the travellers for help, and the planet has days left before it tears itself apart.
3	Animated Restoration	The Exploding Planet	ok		1080p iPlayer, original version, H.264 AAC	1080p on BBC iPlayer, original version, PID p0ghdq6c, expires Sep 2031. No UHD and no better transfer reported	2026-09-21	1920x1080 50fps AAC	get_iplayer | original version, PID p0ghdq6c, dashfhd1, 1920x1080 50fps H.264 AAC 2.0, 2.36 Mbps, 460 MB. The BBC subtitle track alongside it, house-styled	1965-10-02	Two crashed ships face each other on a dying planet, one crewed by the beautiful Drahvins and one by the reptilian Rills. Each side asks the travellers for help, and the planet has days left before it tears itself apart.
3	Main Show	Mission to the Unknown	missing	wiped by the BBC; soundtrack and stills survive; the 2019 recreation is a remake	stills and audio only	no BBC release. Mission to the Unknown was wiped and no telesnaps were taken of it, so stills and the off-air soundtrack are all that exist	2026-09-21	640x480 25fps AAC	held before Sep 2026, provenance unrecorded | 640x480 H.264 AAC 2.0, about 74 MB, no subtitle track	1965-10-09	A Space Security agent crashes on Kembel and finds the Daleks meeting the delegates of six galaxies. He has no ship, no help and no way to warn Earth, only a transmitter and very little time.
3	Main Show	Temple of Secrets	missing	wiped by the BBC; only the soundtrack and telesnaps survive	telesnap reconstruction only	no BBC release. The episode was wiped and has no animation, so John Cura telesnaps over the off-air soundtrack is the best that exists	2026-09-21	640x480 25fps AAC	held before Sep 2026, provenance unrecorded | 640x480 H.264 AAC 2.0, about 156 MB, no subtitle track	1965-10-16	Outside the walls of Troy the Doctor is taken for Zeus and pressed by the Greeks to find a way into the city. Vicki is inside among the Trojans, and the siege is in its tenth year with both sides out of patience.
3	Main Show	Small Prophet, Quick Return	missing	wiped by the BBC; only the soundtrack and telesnaps survive	telesnap reconstruction only	no BBC release. The episode was wiped and has no animation, so John Cura telesnaps over the off-air soundtrack is the best that exists	2026-09-21	640x480 25fps AAC	held before Sep 2026, provenance unrecorded | 640x480 H.264 AAC 2.0, about 153 MB, no subtitle track	1965-10-23	Outside the walls of Troy the Doctor is taken for Zeus and pressed by the Greeks to find a way into the city. Vicki is inside among the Trojans, and the siege is in its tenth year with both sides out of patience.
3	Main Show	Death of a Spy	missing	wiped by the BBC; only the soundtrack and telesnaps survive	telesnap reconstruction only	no BBC release. The episode was wiped and has no animation, so John Cura telesnaps over the off-air soundtrack is the best that exists	2026-09-21	640x480 25fps AAC	held before Sep 2026, provenance unrecorded | 640x480 H.264 AAC 2.0, about 163 MB, no subtitle track	1965-10-30	Outside the walls of Troy the Doctor is taken for Zeus and pressed by the Greeks to find a way into the city. Vicki is inside among the Trojans, and the siege is in its tenth year with both sides out of patience.
3	Main Show	Horse of Destruction	missing	wiped by the BBC; only the soundtrack and telesnaps survive	telesnap reconstruction only	no BBC release. The episode was wiped and has no animation, so John Cura telesnaps over the off-air soundtrack is the best that exists	2026-09-21	640x480 25fps AAC	held before Sep 2026, provenance unrecorded | 640x480 H.264 AAC 2.0, about 154 MB, no subtitle track	1965-11-06	Outside the walls of Troy the Doctor is taken for Zeus and pressed by the Greeks to find a way into the city. Vicki is inside among the Trojans, and the siege is in its tenth year with both sides out of patience.
3	Main Show	The Nightmare Begins	ok		1080p iPlayer, original version, H.264 AAC	1080p on BBC iPlayer, original version, PID p00v250v, expires Sep 2031. No UHD and no better transfer reported	2026-09-21	1920x1080 50fps AAC	get_iplayer | original version, PID p00v250v, dashfhd1, 1920x1080 50fps H.264 AAC 2.0, 11.88 Mbps, 2039 MB. The BBC subtitle track alongside it, house-styled	1965-11-13	The Daleks have gathered the delegates of the outer galaxies on Kembel and built a weapon around a core of taranium. Stealing the core buys the Doctor time and sets the whole alliance hunting him across space and centuries.
3	Main Show	Day of Armageddon	ok		576i PAL DVD	576i PAL Region 2 DVD. Season 3 is not in the Doctor Who: The Collection Blu-ray range and no set is announced. Searched 21 Sep 2026: PAL rips of The Ark (3.55 GB), The Gunfighters (3.74 GB) and The War Machines (3.83 GB) are listed and every one sits at zero seeders. The reachable alternatives both fail on cadence, so they would be a regression: Lost in Time on archive.org is the 2004 NTSC set and probes at 29.97fps, and the HD Final Test on the Celestial Toymaker animated item is 1508x1080 at 23.976fps	2026-09-21	720x480 29.97fps AC-3	archive.org DoctorWhoLostInTime | Lost in Time, the 2004 orphan-episodes box, The William Hartnell Years ISO. MPEG-2 720x480 29.970fps interlaced tt, AC-3 2.0 (2 tracks), English VobSub inside, 4.77 Mbps. MakeMKV title E1_t11, container change only. NTSC, so 29.97 converted from the 25fps master, and taken anyway: measured against the held copy it carries more real detail at every sample point once deinterlaced, on three times the bitrate, and its audio is 192 kbps AC-3 against 80 kbps MP3	1965-11-20	The Daleks have gathered the delegates of the outer galaxies on Kembel and built a weapon around a core of taranium. Stealing the core buys the Doctor time and sets the whole alliance hunting him across space and centuries.
3	Main Show	Devil's Planet	ok		1080p iPlayer, editorial version, H.264 AAC	1080p on BBC iPlayer, editorial version, PID p00v252r, expires Sep 2031. No UHD and no better transfer reported	2026-09-21	1920x1080 50fps AAC	get_iplayer | editorial version, PID p00v252r, dashfhd1, 1920x1080 50fps H.264 AAC 2.0, 11.84 Mbps, 2178 MB. The BBC subtitle track alongside it, house-styled	1965-11-27	The Daleks have gathered the delegates of the outer galaxies on Kembel and built a weapon around a core of taranium. Stealing the core buys the Doctor time and sets the whole alliance hunting him across space and centuries.
3	Main Show	The Traitors	missing	wiped by the BBC; only the soundtrack and telesnaps survive	telesnap reconstruction only	no BBC release. The episode was wiped and has no animation, so John Cura telesnaps over the off-air soundtrack is the best that exists	2026-09-21	640x480 25fps AAC	held before Sep 2026, provenance unrecorded | 640x480 H.264 AAC 2.0, about 154 MB, no subtitle track	1965-12-04	The Daleks have gathered the delegates of the outer galaxies on Kembel and built a weapon around a core of taranium. Stealing the core buys the Doctor time and sets the whole alliance hunting him across space and centuries.
3	Main Show	Counter Plot	ok		576i PAL DVD	576i PAL Region 2 DVD. Season 3 is not in the Doctor Who: The Collection Blu-ray range and no set is announced. Searched 21 Sep 2026: PAL rips of The Ark (3.55 GB), The Gunfighters (3.74 GB) and The War Machines (3.83 GB) are listed and every one sits at zero seeders. The reachable alternatives both fail on cadence, so they would be a regression: Lost in Time on archive.org is the 2004 NTSC set and probes at 29.97fps, and the HD Final Test on the Celestial Toymaker animated item is 1508x1080 at 23.976fps	2026-09-21	720x480 29.97fps AC-3	archive.org DoctorWhoLostInTime | Lost in Time, the 2004 orphan-episodes box, The William Hartnell Years ISO. MPEG-2 720x480 29.970fps interlaced tt, AC-3 2.0 (1 track), English VobSub inside, 4.58 Mbps. MakeMKV title E2_t05, container change only. NTSC, so 29.97 converted from the 25fps master, and taken anyway: measured against the held copy it carries more real detail at every sample point once deinterlaced, on three times the bitrate, and its audio is 192 kbps AC-3 against 80 kbps MP3	1965-12-11	The Daleks have gathered the delegates of the outer galaxies on Kembel and built a weapon around a core of taranium. Stealing the core buys the Doctor time and sets the whole alliance hunting him across space and centuries.
3	Main Show	Coronas of the Sun	missing	wiped by the BBC; only the soundtrack and telesnaps survive	telesnap reconstruction only	no BBC release. The episode was wiped and has no animation, so John Cura telesnaps over the off-air soundtrack is the best that exists	2026-09-21	640x480 25fps AAC	held before Sep 2026, provenance unrecorded | 640x480 H.264 AAC 2.0, about 155 MB, no subtitle track	1965-12-18	The Daleks have gathered the delegates of the outer galaxies on Kembel and built a weapon around a core of taranium. Stealing the core buys the Doctor time and sets the whole alliance hunting him across space and centuries.
3	Main Show	The Feast of Steven	missing	wiped by the BBC; only the soundtrack and telesnaps survive	telesnap reconstruction only	no BBC release. The episode was wiped and has no animation, so John Cura telesnaps over the off-air soundtrack is the best that exists	2026-09-21	640x480 25fps AAC	held before Sep 2026, provenance unrecorded | 640x480 H.264 AAC 2.0, about 154 MB, no subtitle track	1965-12-25	The Daleks have gathered the delegates of the outer galaxies on Kembel and built a weapon around a core of taranium. Stealing the core buys the Doctor time and sets the whole alliance hunting him across space and centuries.
3	Main Show	Volcano	missing	wiped by the BBC; only the soundtrack and telesnaps survive	telesnap reconstruction only	no BBC release. The episode was wiped and has no animation, so John Cura telesnaps over the off-air soundtrack is the best that exists	2026-09-21	640x480 25fps AAC	held before Sep 2026, provenance unrecorded | 640x480 H.264 AAC 2.0, about 155 MB, no subtitle track	1966-01-01	The Daleks have gathered the delegates of the outer galaxies on Kembel and built a weapon around a core of taranium. Stealing the core buys the Doctor time and sets the whole alliance hunting him across space and centuries.
3	Main Show	Golden Death	missing	wiped by the BBC; only the soundtrack and telesnaps survive	telesnap reconstruction only	no BBC release. The episode was wiped and has no animation, so John Cura telesnaps over the off-air soundtrack is the best that exists	2026-09-21	640x480 25fps AAC	held before Sep 2026, provenance unrecorded | 640x480 H.264 AAC 2.0, about 154 MB, no subtitle track	1966-01-08	The Daleks have gathered the delegates of the outer galaxies on Kembel and built a weapon around a core of taranium. Stealing the core buys the Doctor time and sets the whole alliance hunting him across space and centuries.
3	Main Show	Escape Switch	ok		576i PAL DVD	576i PAL Region 2 DVD. Season 3 is not in the Doctor Who: The Collection Blu-ray range and no set is announced. Searched 21 Sep 2026: PAL rips of The Ark (3.55 GB), The Gunfighters (3.74 GB) and The War Machines (3.83 GB) are listed and every one sits at zero seeders. The reachable alternatives both fail on cadence, so they would be a regression: Lost in Time on archive.org is the 2004 NTSC set and probes at 29.97fps, and the HD Final Test on the Celestial Toymaker animated item is 1508x1080 at 23.976fps	2026-09-21	720x480 29.97fps AC-3	archive.org DoctorWhoLostInTime | Lost in Time, the 2004 orphan-episodes box, The William Hartnell Years ISO. MPEG-2 720x480 29.970fps interlaced tt, AC-3 2.0 (1 track), English VobSub inside, 4.57 Mbps. MakeMKV title E3_t06, container change only. NTSC, so 29.97 converted from the 25fps master, and taken anyway: measured against the held copy it carries more real detail at every sample point once deinterlaced, on three times the bitrate, and its audio is 192 kbps AC-3 against 80 kbps MP3	1966-01-15	The Daleks have gathered the delegates of the outer galaxies on Kembel and built a weapon around a core of taranium. Stealing the core buys the Doctor time and sets the whole alliance hunting him across space and centuries.
3	Main Show	The Abandoned Planet	missing	wiped by the BBC; only the soundtrack and telesnaps survive	telesnap reconstruction only	no BBC release. The episode was wiped and has no animation, so John Cura telesnaps over the off-air soundtrack is the best that exists	2026-09-21	640x480 25fps AAC	held before Sep 2026, provenance unrecorded | 640x480 H.264 AAC 2.0, about 154 MB, no subtitle track	1966-01-22	The Daleks have gathered the delegates of the outer galaxies on Kembel and built a weapon around a core of taranium. Stealing the core buys the Doctor time and sets the whole alliance hunting him across space and centuries.
3	Main Show	Destruction of Time	missing	wiped by the BBC; only the soundtrack and telesnaps survive	telesnap reconstruction only	no BBC release. The episode was wiped and has no animation, so John Cura telesnaps over the off-air soundtrack is the best that exists	2026-09-21	640x480 25fps AAC	held before Sep 2026, provenance unrecorded | 640x480 H.264 AAC 2.0, about 152 MB, no subtitle track	1966-01-29	The Daleks have gathered the delegates of the outer galaxies on Kembel and built a weapon around a core of taranium. Stealing the core buys the Doctor time and sets the whole alliance hunting him across space and centuries.
3	Main Show	War of God	missing	wiped by the BBC; only the soundtrack and telesnaps survive	telesnap reconstruction only	no BBC release. The episode was wiped and has no animation, so John Cura telesnaps over the off-air soundtrack is the best that exists	2026-09-21	640x480 25fps AAC	held before Sep 2026, provenance unrecorded | 640x480 H.264 AAC 2.0, about 144 MB, no subtitle track	1966-02-05	In Paris in 1572 Steven is stranded among Huguenots while the Catholic court makes plans for the saint's day. Nobody will believe a warning, and the Doctor has vanished behind the face of an abbot.
3	Main Show	The Sea Beggar	missing	wiped by the BBC; only the soundtrack and telesnaps survive	telesnap reconstruction only	no BBC release. The episode was wiped and has no animation, so John Cura telesnaps over the off-air soundtrack is the best that exists	2026-09-21	640x480 25fps AAC	held before Sep 2026, provenance unrecorded | 640x480 H.264 AAC 2.0, about 155 MB, no subtitle track	1966-02-12	In Paris in 1572 Steven is stranded among Huguenots while the Catholic court makes plans for the saint's day. Nobody will believe a warning, and the Doctor has vanished behind the face of an abbot.
3	Main Show	Priest of Death	missing	wiped by the BBC; only the soundtrack and telesnaps survive	telesnap reconstruction only	no BBC release. The episode was wiped and has no animation, so John Cura telesnaps over the off-air soundtrack is the best that exists	2026-09-21	640x480 25fps AAC	held before Sep 2026, provenance unrecorded | 640x480 H.264 AAC 2.0, about 154 MB, no subtitle track	1966-02-19	In Paris in 1572 Steven is stranded among Huguenots while the Catholic court makes plans for the saint's day. Nobody will believe a warning, and the Doctor has vanished behind the face of an abbot.
3	Main Show	Bell of Doom	missing	wiped by the BBC; only the soundtrack and telesnaps survive	telesnap reconstruction only	no BBC release. The episode was wiped and has no animation, so John Cura telesnaps over the off-air soundtrack is the best that exists	2026-09-21	640x480 25fps AAC	held before Sep 2026, provenance unrecorded | 640x480 H.264 AAC 2.0, about 155 MB, no subtitle track	1966-02-26	In Paris in 1572 Steven is stranded among Huguenots while the Catholic court makes plans for the saint's day. Nobody will believe a warning, and the Doctor has vanished behind the face of an abbot.
3	Main Show	The Steel Sky	ok		576i PAL DVD	576i PAL Region 2 DVD. Season 3 is not in the Doctor Who: The Collection Blu-ray range and no set is announced. Searched 21 Sep 2026: PAL rips of The Ark (3.55 GB), The Gunfighters (3.74 GB) and The War Machines (3.83 GB) are listed and every one sits at zero seeders. The reachable alternatives both fail on cadence, so they would be a regression: Lost in Time on archive.org is the 2004 NTSC set and probes at 29.97fps, and the HD Final Test on the Celestial Toymaker animated item is 1508x1080 at 23.976fps	2026-09-21	704x528 25fps MP3	held before Sep 2026, provenance unrecorded | 704x528 MPEG-4 ASP (DivX era) MP3 2.0, about 365 MB, no subtitle track	1966-03-05	Ten million years on, the last humans carry Earth's population in miniature aboard a ship tended by the servile Monoids. A cold the travellers bring with them has no cure in this century, and the crew begin to fall ill.
3	Main Show	The Plague	ok		576i PAL DVD	576i PAL Region 2 DVD. Season 3 is not in the Doctor Who: The Collection Blu-ray range and no set is announced. Searched 21 Sep 2026: PAL rips of The Ark (3.55 GB), The Gunfighters (3.74 GB) and The War Machines (3.83 GB) are listed and every one sits at zero seeders. The reachable alternatives both fail on cadence, so they would be a regression: Lost in Time on archive.org is the 2004 NTSC set and probes at 29.97fps, and the HD Final Test on the Celestial Toymaker animated item is 1508x1080 at 23.976fps	2026-09-21	704x528 25fps MP3	held before Sep 2026, provenance unrecorded | 704x528 MPEG-4 ASP (DivX era) MP3 2.0, about 365 MB, no subtitle track	1966-03-12	Ten million years on, the last humans carry Earth's population in miniature aboard a ship tended by the servile Monoids. A cold the travellers bring with them has no cure in this century, and the crew begin to fall ill.
3	Main Show	The Return	ok		576i PAL DVD	576i PAL Region 2 DVD. Season 3 is not in the Doctor Who: The Collection Blu-ray range and no set is announced. Searched 21 Sep 2026: PAL rips of The Ark (3.55 GB), The Gunfighters (3.74 GB) and The War Machines (3.83 GB) are listed and every one sits at zero seeders. The reachable alternatives both fail on cadence, so they would be a regression: Lost in Time on archive.org is the 2004 NTSC set and probes at 29.97fps, and the HD Final Test on the Celestial Toymaker animated item is 1508x1080 at 23.976fps	2026-09-21	704x528 25fps MP3	held before Sep 2026, provenance unrecorded | 704x528 MPEG-4 ASP (DivX era) MP3 2.0, about 365 MB, no subtitle track	1966-03-19	Ten million years on, the last humans carry Earth's population in miniature aboard a ship tended by the servile Monoids. A cold the travellers bring with them has no cure in this century, and the crew begin to fall ill.
3	Main Show	The Bomb	ok		576i PAL DVD	576i PAL Region 2 DVD. Season 3 is not in the Doctor Who: The Collection Blu-ray range and no set is announced. Searched 21 Sep 2026: PAL rips of The Ark (3.55 GB), The Gunfighters (3.74 GB) and The War Machines (3.83 GB) are listed and every one sits at zero seeders. The reachable alternatives both fail on cadence, so they would be a regression: Lost in Time on archive.org is the 2004 NTSC set and probes at 29.97fps, and the HD Final Test on the Celestial Toymaker animated item is 1508x1080 at 23.976fps	2026-09-21	704x528 25fps MP3	held before Sep 2026, provenance unrecorded | 704x528 MPEG-4 ASP (DivX era) MP3 2.0, about 365 MB, no subtitle track	1966-03-26	Ten million years on, the last humans carry Earth's population in miniature aboard a ship tended by the servile Monoids. A cold the travellers bring with them has no cure in this century, and the crew begin to fall ill.
3	Animated Restoration	The Celestial Toyroom	ok		1080p iPlayer, original version, H.264 AAC	1080p on BBC iPlayer, original version, PID m002md6r, expires Sep 2031. No UHD and no better transfer reported	2026-09-21	1920x1080 50fps AAC	get_iplayer | original version, PID m002md6r, dashfhd1, 1920x1080 50fps H.264 AAC 2.0, 2.84 Mbps, 545 MB. The BBC subtitle track alongside it, house-styled	1966-04-02	An immortal who has grown bored of eternity takes the TARDIS crew into his realm and makes them play for it. The games look like children's puzzles, and losing one means staying in his house as a toy.
3	Animated Restoration	The Hall of Dolls	ok		1080p iPlayer, original version, H.264 AAC	1080p on BBC iPlayer, original version, PID m002md6s, expires Sep 2031. No UHD and no better transfer reported	2026-09-21	1920x1080 50fps AAC	get_iplayer | original version, PID m002md6s, dashfhd1, 1920x1080 50fps H.264 AAC 2.0, 3.05 Mbps, 587 MB. The BBC subtitle track alongside it, house-styled	1966-04-09	An immortal who has grown bored of eternity takes the TARDIS crew into his realm and makes them play for it. The games look like children's puzzles, and losing one means staying in his house as a toy.
3	Animated Restoration	The Dancing Floor	ok		1080p iPlayer, original version, H.264 AAC	1080p on BBC iPlayer, original version, PID m002md6v, expires Sep 2031. No UHD and no better transfer reported	2026-09-21	1920x1080 50fps AAC	get_iplayer | original version, PID m002md6v, dashfhd1, 1920x1080 50fps H.264 AAC 2.0, 3.39 Mbps, 635 MB. The BBC subtitle track alongside it, house-styled	1966-04-16	An immortal who has grown bored of eternity takes the TARDIS crew into his realm and makes them play for it. The games look like children's puzzles, and losing one means staying in his house as a toy.
3	Main Show	The Final Test	ok		1080p Blu-ray, the Celestial Toymaker animated release	1080p Blu-ray. The Celestial Toymaker was animated for 2024 and the disc carries the one surviving live-action episode in HD, as archive.org item the-celestial-toymaker-animated-color shows at 0.67 GB. iPlayer has this episode at sd only	2026-09-21	720x480 29.97fps AC-3	archive.org DoctorWhoLostInTime | Lost in Time, the 2004 orphan-episodes box, The William Hartnell Years ISO. MPEG-2 720x480 29.970fps interlaced tt, AC-3 2.0 (1 track), English VobSub inside, 4.39 Mbps. MakeMKV title E4_t07, container change only. NTSC, so 29.97 converted from the 25fps master, and taken anyway: measured against the held copy it carries more real detail at every sample point once deinterlaced, on three times the bitrate, and its audio is 192 kbps AC-3 against 80 kbps MP3	1966-04-23	An immortal who has grown bored of eternity takes the TARDIS crew into his realm and makes them play for it. The games look like children's puzzles, and losing one means staying in his house as a toy.
3	Main Show	A Holiday for the Doctor	ok		576i PAL DVD	576i PAL Region 2 DVD. Season 3 is not in the Doctor Who: The Collection Blu-ray range and no set is announced. Searched 21 Sep 2026: PAL rips of The Ark (3.55 GB), The Gunfighters (3.74 GB) and The War Machines (3.83 GB) are listed and every one sits at zero seeders. The reachable alternatives both fail on cadence, so they would be a regression: Lost in Time on archive.org is the 2004 NTSC set and probes at 29.97fps, and the HD Final Test on the Celestial Toymaker animated item is 1508x1080 at 23.976fps	2026-09-21	704x528 25fps MP3	held before Sep 2026, provenance unrecorded | 704x528 MPEG-4 ASP (DivX era) MP3 2.0, about 365 MB, no subtitle track	1966-04-30	The Doctor's toothache brings the travellers to Tombstone in search of a dentist, and the dentist turns out to be Doc Holliday. The Clanton brothers want Holliday dead, and they have decided the Doctor is him.
3	Main Show	Don't Shoot the Pianist	ok		576i PAL DVD	576i PAL Region 2 DVD. Season 3 is not in the Doctor Who: The Collection Blu-ray range and no set is announced. Searched 21 Sep 2026: PAL rips of The Ark (3.55 GB), The Gunfighters (3.74 GB) and The War Machines (3.83 GB) are listed and every one sits at zero seeders. The reachable alternatives both fail on cadence, so they would be a regression: Lost in Time on archive.org is the 2004 NTSC set and probes at 29.97fps, and the HD Final Test on the Celestial Toymaker animated item is 1508x1080 at 23.976fps	2026-09-21	704x528 25fps MP3	held before Sep 2026, provenance unrecorded | 704x528 MPEG-4 ASP (DivX era) MP3 2.0, about 365 MB, no subtitle track	1966-05-07	The Doctor's toothache brings the travellers to Tombstone in search of a dentist, and the dentist turns out to be Doc Holliday. The Clanton brothers want Holliday dead, and they have decided the Doctor is him.
3	Main Show	Johnny Ringo	ok		576i PAL DVD	576i PAL Region 2 DVD. Season 3 is not in the Doctor Who: The Collection Blu-ray range and no set is announced. Searched 21 Sep 2026: PAL rips of The Ark (3.55 GB), The Gunfighters (3.74 GB) and The War Machines (3.83 GB) are listed and every one sits at zero seeders. The reachable alternatives both fail on cadence, so they would be a regression: Lost in Time on archive.org is the 2004 NTSC set and probes at 29.97fps, and the HD Final Test on the Celestial Toymaker animated item is 1508x1080 at 23.976fps	2026-09-21	704x528 25fps MP3	held before Sep 2026, provenance unrecorded | 704x528 MPEG-4 ASP (DivX era) MP3 2.0, about 365 MB, no subtitle track	1966-05-14	The Doctor's toothache brings the travellers to Tombstone in search of a dentist, and the dentist turns out to be Doc Holliday. The Clanton brothers want Holliday dead, and they have decided the Doctor is him.
3	Main Show	The O.K. Corral	ok		576i PAL DVD	576i PAL Region 2 DVD. Season 3 is not in the Doctor Who: The Collection Blu-ray range and no set is announced. Searched 21 Sep 2026: PAL rips of The Ark (3.55 GB), The Gunfighters (3.74 GB) and The War Machines (3.83 GB) are listed and every one sits at zero seeders. The reachable alternatives both fail on cadence, so they would be a regression: Lost in Time on archive.org is the 2004 NTSC set and probes at 29.97fps, and the HD Final Test on the Celestial Toymaker animated item is 1508x1080 at 23.976fps	2026-09-21	704x528 25fps MP3	held before Sep 2026, provenance unrecorded | 704x528 MPEG-4 ASP (DivX era) MP3 2.0, about 365 MB, no subtitle track	1966-05-21	The Doctor's toothache brings the travellers to Tombstone in search of a dentist, and the dentist turns out to be Doc Holliday. The Clanton brothers want Holliday dead, and they have decided the Doctor is him.
3	Animated Restoration	The Savages (1)	ok		1080p Blu-ray animation	1080p Blu-ray. The Savages was animated by BBC Studios and released 24 March 2025 on DVD, Blu-ray and a steelbook, all four episodes in colour and in black and white. Not on iPlayer. A 1080p Blu-ray rip is on the indexers at 1.65 GB (8256fc6f4042b392b2449ec49ac5eabceae276f2) and was attempted on 21 Sep 2026: metadata arrived, the trackers reported 3 to 4 seeds, and it transferred zero bytes in fifty minutes with ten trackers added. Unobtainable for now	2026-09-21	1920x1080 25fps AC-3	AnimeChap | The Savages 2025 animated release, 1080p Blu-ray H.264 25fps, AC-3 2.0, English PGS inside, 1.24 Mbps. The colour presentation, matching the Galaxy 4 and Celestial Toymaker animations already held from iPlayer	1966-05-28	An advanced city offers the travellers every courtesy while its people hunt the tribes outside for their life energy. The Doctor is honoured as a guest right up until he works out what the transfers cost.
3	Animated Restoration	The Savages (2)	ok		1080p Blu-ray animation	1080p Blu-ray. The Savages was animated by BBC Studios and released 24 March 2025 on DVD, Blu-ray and a steelbook, all four episodes in colour and in black and white. Not on iPlayer. A 1080p Blu-ray rip is on the indexers at 1.65 GB (8256fc6f4042b392b2449ec49ac5eabceae276f2) and was attempted on 21 Sep 2026: metadata arrived, the trackers reported 3 to 4 seeds, and it transferred zero bytes in fifty minutes with ten trackers added. Unobtainable for now	2026-09-21	1920x1080 25fps AC-3	AnimeChap | The Savages 2025 animated release, 1080p Blu-ray H.264 25fps, AC-3 2.0, English PGS inside, 1.27 Mbps. The colour presentation, matching the Galaxy 4 and Celestial Toymaker animations already held from iPlayer	1966-06-04	An advanced city offers the travellers every courtesy while its people hunt the tribes outside for their life energy. The Doctor is honoured as a guest right up until he works out what the transfers cost.
3	Animated Restoration	The Savages (3)	ok		1080p Blu-ray animation	1080p Blu-ray. The Savages was animated by BBC Studios and released 24 March 2025 on DVD, Blu-ray and a steelbook, all four episodes in colour and in black and white. Not on iPlayer. A 1080p Blu-ray rip is on the indexers at 1.65 GB (8256fc6f4042b392b2449ec49ac5eabceae276f2) and was attempted on 21 Sep 2026: metadata arrived, the trackers reported 3 to 4 seeds, and it transferred zero bytes in fifty minutes with ten trackers added. Unobtainable for now	2026-09-21	1920x1080 25fps AC-3	AnimeChap | The Savages 2025 animated release, 1080p Blu-ray H.264 25fps, AC-3 2.0, English PGS inside, 1.20 Mbps. The colour presentation, matching the Galaxy 4 and Celestial Toymaker animations already held from iPlayer	1966-06-11	An advanced city offers the travellers every courtesy while its people hunt the tribes outside for their life energy. The Doctor is honoured as a guest right up until he works out what the transfers cost.
3	Animated Restoration	The Savages (4)	ok		1080p Blu-ray animation	1080p Blu-ray. The Savages was animated by BBC Studios and released 24 March 2025 on DVD, Blu-ray and a steelbook, all four episodes in colour and in black and white. Not on iPlayer. A 1080p Blu-ray rip is on the indexers at 1.65 GB (8256fc6f4042b392b2449ec49ac5eabceae276f2) and was attempted on 21 Sep 2026: metadata arrived, the trackers reported 3 to 4 seeds, and it transferred zero bytes in fifty minutes with ten trackers added. Unobtainable for now	2026-09-21	1920x1080 25fps AC-3	AnimeChap | The Savages 2025 animated release, 1080p Blu-ray H.264 25fps, AC-3 2.0, English PGS inside, 1.67 Mbps. The colour presentation, matching the Galaxy 4 and Celestial Toymaker animations already held from iPlayer	1966-06-18	An advanced city offers the travellers every courtesy while its people hunt the tribes outside for their life energy. The Doctor is honoured as a guest right up until he works out what the transfers cost.
3	Main Show	The War Machines (1)	ok		576i PAL DVD	576i PAL Region 2 DVD. Season 3 is not in the Doctor Who: The Collection Blu-ray range and no set is announced. Searched 21 Sep 2026: PAL rips of The Ark (3.55 GB), The Gunfighters (3.74 GB) and The War Machines (3.83 GB) are listed and every one sits at zero seeders. The reachable alternatives both fail on cadence, so they would be a regression: Lost in Time on archive.org is the 2004 NTSC set and probes at 29.97fps, and the HD Final Test on the Celestial Toymaker animated item is 1508x1080 at 23.976fps	2026-09-21	704x528 25fps MP3	held before Sep 2026, provenance unrecorded | 704x528 MPEG-4 ASP (DivX era) MP3 2.0, about 365 MB, no subtitle track	1966-06-25	The Post Office Tower houses WOTAN, a computer that thinks for itself and has concluded humanity needs managing. It takes minds by telephone and builds armoured machines in warehouses across London.
3	Main Show	The War Machines (2)	ok		576i PAL DVD	576i PAL Region 2 DVD. Season 3 is not in the Doctor Who: The Collection Blu-ray range and no set is announced. Searched 21 Sep 2026: PAL rips of The Ark (3.55 GB), The Gunfighters (3.74 GB) and The War Machines (3.83 GB) are listed and every one sits at zero seeders. The reachable alternatives both fail on cadence, so they would be a regression: Lost in Time on archive.org is the 2004 NTSC set and probes at 29.97fps, and the HD Final Test on the Celestial Toymaker animated item is 1508x1080 at 23.976fps	2026-09-21	704x528 25fps MP3	held before Sep 2026, provenance unrecorded | 704x528 MPEG-4 ASP (DivX era) MP3 2.0, about 365 MB, no subtitle track	1966-07-02	The Post Office Tower houses WOTAN, a computer that thinks for itself and has concluded humanity needs managing. It takes minds by telephone and builds armoured machines in warehouses across London.
3	Main Show	The War Machines (3)	ok		576i PAL DVD	576i PAL Region 2 DVD. Season 3 is not in the Doctor Who: The Collection Blu-ray range and no set is announced. Searched 21 Sep 2026: PAL rips of The Ark (3.55 GB), The Gunfighters (3.74 GB) and The War Machines (3.83 GB) are listed and every one sits at zero seeders. The reachable alternatives both fail on cadence, so they would be a regression: Lost in Time on archive.org is the 2004 NTSC set and probes at 29.97fps, and the HD Final Test on the Celestial Toymaker animated item is 1508x1080 at 23.976fps	2026-09-21	704x528 25fps MP3	held before Sep 2026, provenance unrecorded | 704x528 MPEG-4 ASP (DivX era) MP3 2.0, about 365 MB, no subtitle track	1966-07-09	The Post Office Tower houses WOTAN, a computer that thinks for itself and has concluded humanity needs managing. It takes minds by telephone and builds armoured machines in warehouses across London.
3	Main Show	The War Machines (4)	ok		576i PAL DVD	576i PAL Region 2 DVD. Season 3 is not in the Doctor Who: The Collection Blu-ray range and no set is announced. Searched 21 Sep 2026: PAL rips of The Ark (3.55 GB), The Gunfighters (3.74 GB) and The War Machines (3.83 GB) are listed and every one sits at zero seeders. The reachable alternatives both fail on cadence, so they would be a regression: Lost in Time on archive.org is the 2004 NTSC set and probes at 29.97fps, and the HD Final Test on the Celestial Toymaker animated item is 1508x1080 at 23.976fps	2026-09-21	704x528 25fps MP3	held before Sep 2026, provenance unrecorded | 704x528 MPEG-4 ASP (DivX era) MP3 2.0, about 365 MB, no subtitle track	1966-07-16	The Post Office Tower houses WOTAN, a computer that thinks for itself and has concluded humanity needs managing. It takes minds by telephone and builds armoured machines in warehouses across London.
4	Main Show	The Smugglers (1)	missing	wiped by the BBC; only the soundtrack and telesnaps survive	telesnap reconstruction only		2026-09-15	640x480 25fps AAC			On the Cornish coast the Doctor is seized by pirates who believe he knows where a dead man's treasure lies. The local squire is in the trade himself, and the pirates will burn the village to get an answer.
4	Main Show	The Smugglers (2)	missing	wiped by the BBC; only the soundtrack and telesnaps survive	telesnap reconstruction only		2026-09-15	640x480 25fps AAC			On the Cornish coast the Doctor is seized by pirates who believe he knows where a dead man's treasure lies. The local squire is in the trade himself, and the pirates will burn the village to get an answer.
4	Main Show	The Smugglers (3)	missing	wiped by the BBC; only the soundtrack and telesnaps survive	telesnap reconstruction only		2026-09-15	640x480 25fps AAC			On the Cornish coast the Doctor is seized by pirates who believe he knows where a dead man's treasure lies. The local squire is in the trade himself, and the pirates will burn the village to get an answer.
4	Main Show	The Smugglers (4)	missing	wiped by the BBC; only the soundtrack and telesnaps survive	telesnap reconstruction only		2026-09-15	640x480 25fps AAC			On the Cornish coast the Doctor is seized by pirates who believe he knows where a dead man's treasure lies. The local squire is in the trade himself, and the pirates will burn the village to get an answer.
4	Main Show	The Tenth Planet (1)	ok		576p DVD		2026-09-15	720x576 50fps AC-3			A South Pole tracking station picks up a new planet on its screens, and the men who land from it feel neither cold nor pity. The Cybermen have come to drain Earth's energy, and the Doctor is growing weaker by the hour.
4	Main Show	The Tenth Planet (2)	ok		576p DVD		2026-09-15	720x576 50fps AC-3			A South Pole tracking station picks up a new planet on its screens, and the men who land from it feel neither cold nor pity. The Cybermen have come to drain Earth's energy, and the Doctor is growing weaker by the hour.
4	Main Show	The Tenth Planet (3)	ok		576p DVD		2026-09-15	720x576 50fps AC-3			A South Pole tracking station picks up a new planet on its screens, and the men who land from it feel neither cold nor pity. The Cybermen have come to drain Earth's energy, and the Doctor is growing weaker by the hour.
4	Animated Restoration	The Tenth Planet (4)	ok		576p DVD animation		2026-09-15	576p 25fps AAC			A South Pole tracking station picks up a new planet on its screens, and the men who land from it feel neither cold nor pity. The Cybermen have come to drain Earth's energy, and the Doctor is growing weaker by the hour.
4	Animated Restoration	The Power of the Daleks (1)	ok		1080p Blu-ray animation		2026-09-15	1080p 50fps AAC			A newly changed Doctor arrives on the colony of Vulcan, where a scientist has revived three Daleks from a buried capsule. They call themselves servants, the colonists are delighted, and nobody will listen to a warning.
4	Animated Restoration	The Power of the Daleks (2)	ok		1080p Blu-ray animation		2026-09-15	1080p 50fps AAC			A newly changed Doctor arrives on the colony of Vulcan, where a scientist has revived three Daleks from a buried capsule. They call themselves servants, the colonists are delighted, and nobody will listen to a warning.
4	Animated Restoration	The Power of the Daleks (3)	ok		1080p Blu-ray animation		2026-09-15	1080p 50fps AAC			A newly changed Doctor arrives on the colony of Vulcan, where a scientist has revived three Daleks from a buried capsule. They call themselves servants, the colonists are delighted, and nobody will listen to a warning.
4	Animated Restoration	The Power of the Daleks (4)	ok		1080p Blu-ray animation		2026-09-15	1080p 50fps AAC			A newly changed Doctor arrives on the colony of Vulcan, where a scientist has revived three Daleks from a buried capsule. They call themselves servants, the colonists are delighted, and nobody will listen to a warning.
4	Animated Restoration	The Power of the Daleks (5)	ok		1080p Blu-ray animation		2026-09-15	1080p 50fps AAC			A newly changed Doctor arrives on the colony of Vulcan, where a scientist has revived three Daleks from a buried capsule. They call themselves servants, the colonists are delighted, and nobody will listen to a warning.
4	Animated Restoration	The Power of the Daleks (6)	ok		1080p Blu-ray animation		2026-09-15	1080p 50fps AAC			A newly changed Doctor arrives on the colony of Vulcan, where a scientist has revived three Daleks from a buried capsule. They call themselves servants, the colonists are delighted, and nobody will listen to a warning.
4	Main Show	The Highlanders (1)	missing	wiped by the BBC; only the soundtrack and telesnaps survive	telesnap reconstruction only		2026-09-15	640x480 25fps AAC			After Culloden the travellers fall in with fleeing Jacobites and are caught between redcoats and a lawyer selling prisoners as plantation labour. Getting clear means the Doctor talking his way past both.
4	Main Show	The Highlanders (2)	missing	wiped by the BBC; only the soundtrack and telesnaps survive	telesnap reconstruction only		2026-09-15	640x480 25fps AAC			After Culloden the travellers fall in with fleeing Jacobites and are caught between redcoats and a lawyer selling prisoners as plantation labour. Getting clear means the Doctor talking his way past both.
4	Main Show	The Highlanders (3)	missing	wiped by the BBC; only the soundtrack and telesnaps survive	telesnap reconstruction only		2026-09-15	640x480 25fps AAC			After Culloden the travellers fall in with fleeing Jacobites and are caught between redcoats and a lawyer selling prisoners as plantation labour. Getting clear means the Doctor talking his way past both.
4	Main Show	The Highlanders (4)	missing	wiped by the BBC; only the soundtrack and telesnaps survive	telesnap reconstruction only		2026-09-15	640x480 25fps AAC			After Culloden the travellers fall in with fleeing Jacobites and are caught between redcoats and a lawyer selling prisoners as plantation labour. Getting clear means the Doctor talking his way past both.
4	Animated Restoration	The Underwater Menace (1)	ok		1080p Blu-ray animation		2026-09-15	1080p 50fps AAC			Survivors of Atlantis live beneath a volcanic island under a scientist who has promised to raise their city from the sea. His method involves draining the ocean into the Earth's core, and he is entirely serious.
4	Main Show	The Underwater Menace (2)	ok		1080p Blu-ray upscale		2026-09-15	1080p 50fps AAC			Survivors of Atlantis live beneath a volcanic island under a scientist who has promised to raise their city from the sea. His method involves draining the ocean into the Earth's core, and he is entirely serious.
4	Main Show	The Underwater Menace (3)	ok		1080p Blu-ray upscale		2026-09-15	1080p 50fps AAC			Survivors of Atlantis live beneath a volcanic island under a scientist who has promised to raise their city from the sea. His method involves draining the ocean into the Earth's core, and he is entirely serious.
4	Animated Restoration	The Underwater Menace (4)	ok		1080p Blu-ray animation		2026-09-15	1080p 50fps AAC			Survivors of Atlantis live beneath a volcanic island under a scientist who has promised to raise their city from the sea. His method involves draining the ocean into the Earth's core, and he is entirely serious.
4	Animated Restoration	The Moonbase (1)	ok		576p DVD animation		2026-09-15	576p 25fps AAC			A weather control station on the Moon is losing men to a disease nobody can identify while its machinery keeps failing. The Cybermen are already inside, and the gravitron below controls the weather of a whole planet.
4	Main Show	The Moonbase (2)	ok		576p DVD		2026-09-15	576p 25fps AAC			A weather control station on the Moon is losing men to a disease nobody can identify while its machinery keeps failing. The Cybermen are already inside, and the gravitron below controls the weather of a whole planet.
4	Animated Restoration	The Moonbase (3)	ok		576p DVD animation		2026-09-15	576p 25fps AAC			A weather control station on the Moon is losing men to a disease nobody can identify while its machinery keeps failing. The Cybermen are already inside, and the gravitron below controls the weather of a whole planet.
4	Main Show	The Moonbase (4)	ok		576p DVD		2026-09-15	576p 25fps AAC			A weather control station on the Moon is losing men to a disease nobody can identify while its machinery keeps failing. The Cybermen are already inside, and the gravitron below controls the weather of a whole planet.
4	Animated Restoration	The Macra Terror (1)	ok		1080p Blu-ray animation		2026-09-15	1080p 25fps AAC			A holiday colony runs on cheerful music, prize draws and the insistence that everybody is happy. Below the surface the gas pits are worked by a crab-like species that decides what the colonists are allowed to think.
4	Animated Restoration	The Macra Terror (2)	ok		1080p Blu-ray animation		2026-09-15	1080p 25fps AAC			A holiday colony runs on cheerful music, prize draws and the insistence that everybody is happy. Below the surface the gas pits are worked by a crab-like species that decides what the colonists are allowed to think.
4	Animated Restoration	The Macra Terror (3)	ok		1080p Blu-ray animation		2026-09-15	1080p 25fps AAC			A holiday colony runs on cheerful music, prize draws and the insistence that everybody is happy. Below the surface the gas pits are worked by a crab-like species that decides what the colonists are allowed to think.
4	Animated Restoration	The Macra Terror (4)	ok		1080p Blu-ray animation		2026-09-15	1080p 25fps AAC			A holiday colony runs on cheerful music, prize draws and the insistence that everybody is happy. Below the surface the gas pits are worked by a crab-like species that decides what the colonists are allowed to think.
4	Main Show	The Faceless Ones (1)	ok		1080p Blu-ray upscale		2026-09-15	720x576 50fps AC-3			A charter airline flies young people out of Gatwick on holiday and nothing comes back but the aircraft. The Chameleons have lost their own identities and are taking human ones, fifty thousand at a time.
4	Animated Restoration	The Faceless Ones (2)	ok		1080p Blu-ray animation		2026-09-15	720x576 50fps AC-3			A charter airline flies young people out of Gatwick on holiday and nothing comes back but the aircraft. The Chameleons have lost their own identities and are taking human ones, fifty thousand at a time.
4	Main Show	The Faceless Ones (3)	ok		1080p Blu-ray upscale		2026-09-15	720x576 50fps AC-3			A charter airline flies young people out of Gatwick on holiday and nothing comes back but the aircraft. The Chameleons have lost their own identities and are taking human ones, fifty thousand at a time.
4	Animated Restoration	The Faceless Ones (4)	ok		1080p Blu-ray animation		2026-09-15	720x576 50fps AC-3			A charter airline flies young people out of Gatwick on holiday and nothing comes back but the aircraft. The Chameleons have lost their own identities and are taking human ones, fifty thousand at a time.
4	Animated Restoration	The Faceless Ones (5)	ok		1080p Blu-ray animation		2026-09-15	720x576 50fps AC-3			A charter airline flies young people out of Gatwick on holiday and nothing comes back but the aircraft. The Chameleons have lost their own identities and are taking human ones, fifty thousand at a time.
4	Animated Restoration	The Faceless Ones (6)	ok		1080p Blu-ray animation		2026-09-15	720x576 50fps AC-3			A charter airline flies young people out of Gatwick on holiday and nothing comes back but the aircraft. The Chameleons have lost their own identities and are taking human ones, fifty thousand at a time.
4	Animated Restoration	The Evil of the Daleks (1)	ok		1080p Blu-ray animation		2026-09-15	1080p 25fps AAC			A stolen TARDIS leads the Doctor to Victorian Canterbury and a scientist working for the Daleks on the Human Factor. They want to know what makes people survive them, and they mean to put the answer into themselves.
4	Main Show	The Evil of the Daleks (2)	ok		1080p Blu-ray upscale		2026-09-15	1080p 25fps AAC			A stolen TARDIS leads the Doctor to Victorian Canterbury and a scientist working for the Daleks on the Human Factor. They want to know what makes people survive them, and they mean to put the answer into themselves.
4	Animated Restoration	The Evil of the Daleks (3)	ok		1080p Blu-ray animation		2026-09-15	1080p 25fps AAC			A stolen TARDIS leads the Doctor to Victorian Canterbury and a scientist working for the Daleks on the Human Factor. They want to know what makes people survive them, and they mean to put the answer into themselves.
4	Animated Restoration	The Evil of the Daleks (4)	ok		1080p Blu-ray animation		2026-09-15	1080p 25fps AAC			A stolen TARDIS leads the Doctor to Victorian Canterbury and a scientist working for the Daleks on the Human Factor. They want to know what makes people survive them, and they mean to put the answer into themselves.
4	Animated Restoration	The Evil of the Daleks (5)	ok		1080p Blu-ray animation		2026-09-15	1080p 25fps AAC			A stolen TARDIS leads the Doctor to Victorian Canterbury and a scientist working for the Daleks on the Human Factor. They want to know what makes people survive them, and they mean to put the answer into themselves.
4	Animated Restoration	The Evil of the Daleks (6)	ok		1080p Blu-ray animation		2026-09-15	1080p 25fps AAC			A stolen TARDIS leads the Doctor to Victorian Canterbury and a scientist working for the Daleks on the Human Factor. They want to know what makes people survive them, and they mean to put the answer into themselves.
4	Animated Restoration	The Evil of the Daleks (7)	ok		1080p Blu-ray animation		2026-09-15	1080p 25fps AAC			A stolen TARDIS leads the Doctor to Victorian Canterbury and a scientist working for the Daleks on the Human Factor. They want to know what makes people survive them, and they mean to put the answer into themselves.
5	Main Show	The Tomb of the Cybermen (1)	ok		576p DVD		2026-09-15	704x568 25fps MP3			An archaeological party opens the sealed tombs on Telos with the Doctor's help and finds the Cybermen frozen in their cells. Two of the expedition want them woken, and the tomb was built to be opened.
5	Main Show	The Tomb of the Cybermen (2)	ok		576p DVD		2026-09-15	704x568 25fps MP3			An archaeological party opens the sealed tombs on Telos with the Doctor's help and finds the Cybermen frozen in their cells. Two of the expedition want them woken, and the tomb was built to be opened.
5	Main Show	The Tomb of the Cybermen (3)	ok		576p DVD		2026-09-15	704x568 25fps MP3			An archaeological party opens the sealed tombs on Telos with the Doctor's help and finds the Cybermen frozen in their cells. Two of the expedition want them woken, and the tomb was built to be opened.
5	Main Show	The Tomb of the Cybermen (4)	ok		576p DVD		2026-09-15	704x568 25fps MP3			An archaeological party opens the sealed tombs on Telos with the Doctor's help and finds the Cybermen frozen in their cells. Two of the expedition want them woken, and the tomb was built to be opened.
5	Animated Restoration	The Abominable Snowmen (1)	ok		1080p Blu-ray animation		2026-09-15	1080p 25fps AAC			At a Tibetan monastery in 1935 the monks are afraid of the Yeti on the mountain, and the creatures turn out to be machines. Something has taken the abbot's mind and is directing them from inside the walls.
5	Main Show	The Abominable Snowmen (2)	ok		1080p Blu-ray upscale		2026-09-15	1080p 25fps AAC			At a Tibetan monastery in 1935 the monks are afraid of the Yeti on the mountain, and the creatures turn out to be machines. Something has taken the abbot's mind and is directing them from inside the walls.
5	Animated Restoration	The Abominable Snowmen (3)	ok		1080p Blu-ray animation		2026-09-15	1080p 25fps AAC			At a Tibetan monastery in 1935 the monks are afraid of the Yeti on the mountain, and the creatures turn out to be machines. Something has taken the abbot's mind and is directing them from inside the walls.
5	Animated Restoration	The Abominable Snowmen (4)	ok		1080p Blu-ray animation		2026-09-15	1080p 25fps AAC			At a Tibetan monastery in 1935 the monks are afraid of the Yeti on the mountain, and the creatures turn out to be machines. Something has taken the abbot's mind and is directing them from inside the walls.
5	Animated Restoration	The Abominable Snowmen (5)	ok		1080p Blu-ray animation		2026-09-15	1080p 25fps AAC			At a Tibetan monastery in 1935 the monks are afraid of the Yeti on the mountain, and the creatures turn out to be machines. Something has taken the abbot's mind and is directing them from inside the walls.
5	Animated Restoration	The Abominable Snowmen (6)	ok		1080p Blu-ray animation		2026-09-15	1080p 25fps AAC			At a Tibetan monastery in 1935 the monks are afraid of the Yeti on the mountain, and the creatures turn out to be machines. Something has taken the abbot's mind and is directing them from inside the walls.
5	Main Show	The Ice Warriors (1)	ok		576p DVD		2026-09-15	576p 25fps AAC			A new ice age has the glaciers advancing on a base fighting them with an ioniser. A warrior thawed out of the ice is the first of a Martian crew whose ship is buried in the same glacier.
5	Animated Restoration	The Ice Warriors (2)	ok		576p DVD animation		2026-09-15	576p 25fps AAC			A new ice age has the glaciers advancing on a base fighting them with an ioniser. A warrior thawed out of the ice is the first of a Martian crew whose ship is buried in the same glacier.
5	Animated Restoration	The Ice Warriors (3)	ok		576p DVD animation		2026-09-15	576p 25fps AAC			A new ice age has the glaciers advancing on a base fighting them with an ioniser. A warrior thawed out of the ice is the first of a Martian crew whose ship is buried in the same glacier.
5	Main Show	The Ice Warriors (4)	ok		576p DVD		2026-09-15	576p 25fps AAC			A new ice age has the glaciers advancing on a base fighting them with an ioniser. A warrior thawed out of the ice is the first of a Martian crew whose ship is buried in the same glacier.
5	Main Show	The Ice Warriors (5)	ok		576p DVD		2026-09-15	576p 25fps AAC			A new ice age has the glaciers advancing on a base fighting them with an ioniser. A warrior thawed out of the ice is the first of a Martian crew whose ship is buried in the same glacier.
5	Main Show	The Ice Warriors (6)	ok		576p DVD		2026-09-15	576p 25fps AAC			A new ice age has the glaciers advancing on a base fighting them with an ioniser. A warrior thawed out of the ice is the first of a Martian crew whose ship is buried in the same glacier.
5	Main Show	The Enemy of the World (1)	ok		576p DVD		2026-09-15	720x576 50fps AC-3			In 2018 the Doctor is the double of Salamander, a man feted for feeding the world while arranging the disasters he then relieves. Impersonating him is the only way to reach what he keeps underground.
5	Main Show	The Enemy of the World (2)	ok		576p DVD		2026-09-15	720x576 50fps AC-3			In 2018 the Doctor is the double of Salamander, a man feted for feeding the world while arranging the disasters he then relieves. Impersonating him is the only way to reach what he keeps underground.
5	Main Show	The Enemy of the World (3)	ok		576p DVD		2026-09-15	720x576 50fps AC-3			In 2018 the Doctor is the double of Salamander, a man feted for feeding the world while arranging the disasters he then relieves. Impersonating him is the only way to reach what he keeps underground.
5	Main Show	The Enemy of the World (4)	ok		576p DVD		2026-09-15	720x576 50fps AC-3			In 2018 the Doctor is the double of Salamander, a man feted for feeding the world while arranging the disasters he then relieves. Impersonating him is the only way to reach what he keeps underground.
5	Main Show	The Enemy of the World (5)	ok		576p DVD		2026-09-15	720x576 50fps AC-3			In 2018 the Doctor is the double of Salamander, a man feted for feeding the world while arranging the disasters he then relieves. Impersonating him is the only way to reach what he keeps underground.
5	Main Show	The Enemy of the World (6)	ok		576p DVD		2026-09-15	720x576 50fps AC-3			In 2018 the Doctor is the double of Salamander, a man feted for feeding the world while arranging the disasters he then relieves. Impersonating him is the only way to reach what he keeps underground.
5	Main Show	The Web of Fear (1)	ok		1080p Blu-ray upscale		2026-09-15	720x576 50fps AC-3			Fungus chokes the London Underground and the Yeti are loose in the tunnels, with the army dug in at Goodge Street. Colonel Lethbridge-Stewart is holding a line that keeps shrinking, and the Intelligence wants the Doctor.
5	Main Show	The Web of Fear (2)	ok		1080p Blu-ray upscale		2026-09-15	720x576 50fps AC-3			Fungus chokes the London Underground and the Yeti are loose in the tunnels, with the army dug in at Goodge Street. Colonel Lethbridge-Stewart is holding a line that keeps shrinking, and the Intelligence wants the Doctor.
5	Animated Restoration	The Web of Fear (3)	ok		1080p Blu-ray animation		2026-09-15	1080p 25fps AAC			Fungus chokes the London Underground and the Yeti are loose in the tunnels, with the army dug in at Goodge Street. Colonel Lethbridge-Stewart is holding a line that keeps shrinking, and the Intelligence wants the Doctor.
5	Main Show	The Web of Fear (4)	ok		1080p Blu-ray upscale		2026-09-15	720x576 50fps AC-3			Fungus chokes the London Underground and the Yeti are loose in the tunnels, with the army dug in at Goodge Street. Colonel Lethbridge-Stewart is holding a line that keeps shrinking, and the Intelligence wants the Doctor.
5	Main Show	The Web of Fear (5)	ok		1080p Blu-ray upscale		2026-09-15	720x576 50fps AC-3			Fungus chokes the London Underground and the Yeti are loose in the tunnels, with the army dug in at Goodge Street. Colonel Lethbridge-Stewart is holding a line that keeps shrinking, and the Intelligence wants the Doctor.
5	Main Show	The Web of Fear (6)	ok		1080p Blu-ray upscale		2026-09-15	720x576 50fps AC-3			Fungus chokes the London Underground and the Yeti are loose in the tunnels, with the army dug in at Goodge Street. Colonel Lethbridge-Stewart is holding a line that keeps shrinking, and the Intelligence wants the Doctor.
5	Animated Restoration	Fury from the Deep (1)	ok		1080p Blu-ray animation		2026-09-15	480p 25fps AAC			A North Sea gas refinery hears a heartbeat in its pipelines and its crews begin behaving strangely. Weed is growing through the complex, and the men it touches stop being themselves.
5	Animated Restoration	Fury from the Deep (2)	ok		1080p Blu-ray animation		2026-09-15	480p 25fps AAC			A North Sea gas refinery hears a heartbeat in its pipelines and its crews begin behaving strangely. Weed is growing through the complex, and the men it touches stop being themselves.
5	Animated Restoration	Fury from the Deep (3)	ok		1080p Blu-ray animation		2026-09-15	480p 25fps AAC			A North Sea gas refinery hears a heartbeat in its pipelines and its crews begin behaving strangely. Weed is growing through the complex, and the men it touches stop being themselves.
5	Animated Restoration	Fury from the Deep (4)	ok		1080p Blu-ray animation		2026-09-15	480p 25fps AAC			A North Sea gas refinery hears a heartbeat in its pipelines and its crews begin behaving strangely. Weed is growing through the complex, and the men it touches stop being themselves.
5	Animated Restoration	Fury from the Deep (5)	ok		1080p Blu-ray animation		2026-09-15	480p 25fps AAC			A North Sea gas refinery hears a heartbeat in its pipelines and its crews begin behaving strangely. Weed is growing through the complex, and the men it touches stop being themselves.
5	Animated Restoration	Fury from the Deep (6)	ok		1080p Blu-ray animation		2026-09-15	480p 25fps AAC			A North Sea gas refinery hears a heartbeat in its pipelines and its crews begin behaving strangely. Weed is growing through the complex, and the men it touches stop being themselves.
5	Main Show	The Wheel in Space (1)	missing	wiped by the BBC; only the soundtrack and telesnaps survive	telesnap reconstruction only		2026-09-15	576p 25fps AAC			A space station crewed by hard-pressed technicians is menaced by meteorites and a drifting rocket carrying Cybermats. The Cybermen need the Wheel as a staging post for Earth, and they are already aboard.
5	Main Show	The Wheel in Space (2)	missing	wiped by the BBC; only the soundtrack and telesnaps survive	telesnap reconstruction only		2026-09-15	576p 25fps AAC			A space station crewed by hard-pressed technicians is menaced by meteorites and a drifting rocket carrying Cybermats. The Cybermen need the Wheel as a staging post for Earth, and they are already aboard.
5	Main Show	The Wheel in Space (3)	ok		576p DVD		2026-09-15	576p 25fps AAC			A space station crewed by hard-pressed technicians is menaced by meteorites and a drifting rocket carrying Cybermats. The Cybermen need the Wheel as a staging post for Earth, and they are already aboard.
5	Main Show	The Wheel in Space (4)	missing	wiped by the BBC; only the soundtrack and telesnaps survive	telesnap reconstruction only		2026-09-15	576p 25fps AAC			A space station crewed by hard-pressed technicians is menaced by meteorites and a drifting rocket carrying Cybermats. The Cybermen need the Wheel as a staging post for Earth, and they are already aboard.
5	Main Show	The Wheel in Space (5)	missing	wiped by the BBC; only the soundtrack and telesnaps survive	telesnap reconstruction only		2026-09-15	576p 25fps AAC			A space station crewed by hard-pressed technicians is menaced by meteorites and a drifting rocket carrying Cybermats. The Cybermen need the Wheel as a staging post for Earth, and they are already aboard.
5	Main Show	The Wheel in Space (6)	ok		576p DVD		2026-09-15	576p 25fps AAC			A space station crewed by hard-pressed technicians is menaced by meteorites and a drifting rocket carrying Cybermats. The Cybermen need the Wheel as a staging post for Earth, and they are already aboard.
6	Main Show	The Dominators (1)	ok		576p DVD		2026-09-15	704x528 25fps MP3			The pacifist Dulcians have no answer when two Dominators land with their robotic Quarks and start drilling. The survey is preparation for turning the whole planet into fuel.
6	Main Show	The Dominators (2)	ok		576p DVD		2026-09-15	704x528 25fps MP3			The pacifist Dulcians have no answer when two Dominators land with their robotic Quarks and start drilling. The survey is preparation for turning the whole planet into fuel.
6	Main Show	The Dominators (3)	ok		576p DVD		2026-09-15	704x528 25fps MP3			The pacifist Dulcians have no answer when two Dominators land with their robotic Quarks and start drilling. The survey is preparation for turning the whole planet into fuel.
6	Main Show	The Dominators (4)	ok		576p DVD		2026-09-15	704x528 25fps MP3			The pacifist Dulcians have no answer when two Dominators land with their robotic Quarks and start drilling. The survey is preparation for turning the whole planet into fuel.
6	Main Show	The Dominators (5)	ok		576p DVD		2026-09-15	704x528 25fps MP3			The pacifist Dulcians have no answer when two Dominators land with their robotic Quarks and start drilling. The survey is preparation for turning the whole planet into fuel.
6	Main Show	The Mind Robber (1)	ok		576p DVD		2026-09-15	704x528 25fps MP3			Escaping a volcano takes the TARDIS out of reality altogether, into a white void and then a land where fictional characters walk about. The Master of the place wants a successor, and the Doctor's imagination is what he is after.
6	Main Show	The Mind Robber (2)	ok		576p DVD		2026-09-15	704x528 25fps MP3			Escaping a volcano takes the TARDIS out of reality altogether, into a white void and then a land where fictional characters walk about. The Master of the place wants a successor, and the Doctor's imagination is what he is after.
6	Main Show	The Mind Robber (3)	ok		576p DVD		2026-09-15	704x528 25fps MP3			Escaping a volcano takes the TARDIS out of reality altogether, into a white void and then a land where fictional characters walk about. The Master of the place wants a successor, and the Doctor's imagination is what he is after.
6	Main Show	The Mind Robber (4)	ok		576p DVD		2026-09-15	704x528 25fps MP3			Escaping a volcano takes the TARDIS out of reality altogether, into a white void and then a land where fictional characters walk about. The Master of the place wants a successor, and the Doctor's imagination is what he is after.
6	Main Show	The Mind Robber (5)	ok		576p DVD		2026-09-15	704x528 25fps MP3			Escaping a volcano takes the TARDIS out of reality altogether, into a white void and then a land where fictional characters walk about. The Master of the place wants a successor, and the Doctor's imagination is what he is after.
6	Animated Restoration	The Invasion (1)	ok		576p DVD animation		2026-09-15	576p 25fps AAC			International Electromatics supplies the world's electronics and its managing director answers to somebody else. Tobias Vaughn has let the Cybermen into the sewers beneath London, and UNIT is only starting to notice.
6	Main Show	The Invasion (2)	ok		576p DVD		2026-09-15	576p 25fps AAC			International Electromatics supplies the world's electronics and its managing director answers to somebody else. Tobias Vaughn has let the Cybermen into the sewers beneath London, and UNIT is only starting to notice.
6	Main Show	The Invasion (3)	ok		576p DVD		2026-09-15	576p 25fps AAC			International Electromatics supplies the world's electronics and its managing director answers to somebody else. Tobias Vaughn has let the Cybermen into the sewers beneath London, and UNIT is only starting to notice.
6	Animated Restoration	The Invasion (4)	ok		576p DVD animation		2026-09-15	576p 25fps AAC			International Electromatics supplies the world's electronics and its managing director answers to somebody else. Tobias Vaughn has let the Cybermen into the sewers beneath London, and UNIT is only starting to notice.
6	Main Show	The Invasion (5)	ok		576p DVD		2026-09-15	576p 25fps AAC			International Electromatics supplies the world's electronics and its managing director answers to somebody else. Tobias Vaughn has let the Cybermen into the sewers beneath London, and UNIT is only starting to notice.
6	Main Show	The Invasion (6)	ok		576p DVD		2026-09-15	576p 25fps AAC			International Electromatics supplies the world's electronics and its managing director answers to somebody else. Tobias Vaughn has let the Cybermen into the sewers beneath London, and UNIT is only starting to notice.
6	Main Show	The Invasion (7)	ok		576p DVD		2026-09-15	576p 25fps AAC			International Electromatics supplies the world's electronics and its managing director answers to somebody else. Tobias Vaughn has let the Cybermen into the sewers beneath London, and UNIT is only starting to notice.
6	Main Show	The Invasion (8)	ok		576p DVD		2026-09-15	576p 25fps AAC			International Electromatics supplies the world's electronics and its managing director answers to somebody else. Tobias Vaughn has let the Cybermen into the sewers beneath London, and UNIT is only starting to notice.
6	Main Show	The Krotons (1)	ok		576p DVD		2026-09-15	720x576 50fps AC-3			The Gonds send their two brightest students each generation into a machine said to reward them, and none of them returns. The Krotons inside have been waiting to be revived, and they need living minds to do it.
6	Main Show	The Krotons (2)	ok		576p DVD		2026-09-15	720x576 50fps AC-3			The Gonds send their two brightest students each generation into a machine said to reward them, and none of them returns. The Krotons inside have been waiting to be revived, and they need living minds to do it.
6	Main Show	The Krotons (3)	ok		576p DVD		2026-09-15	720x576 50fps AC-3			The Gonds send their two brightest students each generation into a machine said to reward them, and none of them returns. The Krotons inside have been waiting to be revived, and they need living minds to do it.
6	Main Show	The Krotons (4)	ok		576p DVD		2026-09-15	720x576 50fps AC-3			The Gonds send their two brightest students each generation into a machine said to reward them, and none of them returns. The Krotons inside have been waiting to be revived, and they need living minds to do it.
6	Main Show	The Seeds of Death (1)	ok		576p DVD		2026-09-15	704x528 25fps MP3			Travel on Earth runs entirely through T-Mat, and when the Moon relay falls silent the planet stops. Ice Warriors hold the station and are sending down seed pods that turn the air into something nobody can breathe.
6	Main Show	The Seeds of Death (2)	ok		576p DVD		2026-09-15	704x528 25fps MP3			Travel on Earth runs entirely through T-Mat, and when the Moon relay falls silent the planet stops. Ice Warriors hold the station and are sending down seed pods that turn the air into something nobody can breathe.
6	Main Show	The Seeds of Death (3)	ok		576p DVD		2026-09-15	704x528 25fps MP3			Travel on Earth runs entirely through T-Mat, and when the Moon relay falls silent the planet stops. Ice Warriors hold the station and are sending down seed pods that turn the air into something nobody can breathe.
6	Main Show	The Seeds of Death (4)	ok		576p DVD		2026-09-15	704x528 25fps MP3			Travel on Earth runs entirely through T-Mat, and when the Moon relay falls silent the planet stops. Ice Warriors hold the station and are sending down seed pods that turn the air into something nobody can breathe.
6	Main Show	The Seeds of Death (5)	ok		576p DVD		2026-09-15	704x528 25fps AC-3			Travel on Earth runs entirely through T-Mat, and when the Moon relay falls silent the planet stops. Ice Warriors hold the station and are sending down seed pods that turn the air into something nobody can breathe.
6	Main Show	The Seeds of Death (6)	ok		576p DVD		2026-09-15	704x528 25fps MP3			Travel on Earth runs entirely through T-Mat, and when the Moon relay falls silent the planet stops. Ice Warriors hold the station and are sending down seed pods that turn the air into something nobody can breathe.
6	Main Show	The Space Pirates (1)	missing	wiped by the BBC; only the soundtrack and telesnaps survive	telesnap reconstruction only		2026-09-15	640x480 25fps AAC			Navigation beacons are being cut apart and carried off for their argonite while a Space Corps fleet hunts the raiders. The travellers end up sealed in a drifting section while a prospector plays both sides.
6	Main Show	The Space Pirates (2)	ok		576p DVD		2026-09-15	720x576 25fps AC-3			Navigation beacons are being cut apart and carried off for their argonite while a Space Corps fleet hunts the raiders. The travellers end up sealed in a drifting section while a prospector plays both sides.
6	Main Show	The Space Pirates (3)	missing	wiped by the BBC; only the soundtrack and telesnaps survive	telesnap reconstruction only		2026-09-15	640x480 25fps AAC			Navigation beacons are being cut apart and carried off for their argonite while a Space Corps fleet hunts the raiders. The travellers end up sealed in a drifting section while a prospector plays both sides.
6	Main Show	The Space Pirates (4)	missing	wiped by the BBC; only the soundtrack and telesnaps survive	telesnap reconstruction only		2026-09-15	640x480 25fps AAC			Navigation beacons are being cut apart and carried off for their argonite while a Space Corps fleet hunts the raiders. The travellers end up sealed in a drifting section while a prospector plays both sides.
6	Main Show	The Space Pirates (5)	missing	wiped by the BBC; only the soundtrack and telesnaps survive	telesnap reconstruction only		2026-09-15	640x480 25fps AAC			Navigation beacons are being cut apart and carried off for their argonite while a Space Corps fleet hunts the raiders. The travellers end up sealed in a drifting section while a prospector plays both sides.
6	Main Show	The Space Pirates (6)	missing	wiped by the BBC; only the soundtrack and telesnaps survive	telesnap reconstruction only		2026-09-15	640x480 25fps AAC			Navigation beacons are being cut apart and carried off for their argonite while a Space Corps fleet hunts the raiders. The travellers end up sealed in a drifting section while a prospector plays both sides.
6	Main Show	The War Games (1)	ok		576p DVD		2026-09-15	704x528 25fps MP3			Soldiers from a dozen Earth wars are fighting on one planet, moved between zones by men who are not human. Somebody has built the whole arena to raise an army, and stopping it may be beyond the Doctor alone.
6	Main Show	The War Games (2)	ok		576p DVD		2026-09-15	704x528 25fps MP3			Soldiers from a dozen Earth wars are fighting on one planet, moved between zones by men who are not human. Somebody has built the whole arena to raise an army, and stopping it may be beyond the Doctor alone.
6	Main Show	The War Games (3)	ok		576p DVD		2026-09-15	704x528 25fps MP3			Soldiers from a dozen Earth wars are fighting on one planet, moved between zones by men who are not human. Somebody has built the whole arena to raise an army, and stopping it may be beyond the Doctor alone.
6	Main Show	The War Games (4)	ok		576p DVD		2026-09-15	704x528 25fps MP3			Soldiers from a dozen Earth wars are fighting on one planet, moved between zones by men who are not human. Somebody has built the whole arena to raise an army, and stopping it may be beyond the Doctor alone.
6	Main Show	The War Games (5)	ok		576p DVD		2026-09-15	704x528 25fps MP3			Soldiers from a dozen Earth wars are fighting on one planet, moved between zones by men who are not human. Somebody has built the whole arena to raise an army, and stopping it may be beyond the Doctor alone.
6	Main Show	The War Games (6)	ok		576p DVD		2026-09-15	704x528 25fps MP3			Soldiers from a dozen Earth wars are fighting on one planet, moved between zones by men who are not human. Somebody has built the whole arena to raise an army, and stopping it may be beyond the Doctor alone.
6	Main Show	The War Games (7)	ok		576p DVD		2026-09-15	704x528 25fps MP3			Soldiers from a dozen Earth wars are fighting on one planet, moved between zones by men who are not human. Somebody has built the whole arena to raise an army, and stopping it may be beyond the Doctor alone.
6	Main Show	The War Games (8)	ok		576p DVD		2026-09-15	704x528 25fps MP3			Soldiers from a dozen Earth wars are fighting on one planet, moved between zones by men who are not human. Somebody has built the whole arena to raise an army, and stopping it may be beyond the Doctor alone.
6	Main Show	The War Games (9)	ok		576p DVD		2026-09-15	704x528 25fps MP3			Soldiers from a dozen Earth wars are fighting on one planet, moved between zones by men who are not human. Somebody has built the whole arena to raise an army, and stopping it may be beyond the Doctor alone.
6	Main Show	The War Games (10)	ok		576p DVD		2026-09-15	704x528 25fps MP3			Soldiers from a dozen Earth wars are fighting on one planet, moved between zones by men who are not human. Somebody has built the whole arena to raise an army, and stopping it may be beyond the Doctor alone.
7	Main Show	Spearhead from Space (1)	ok		1080p Blu-ray, The Collection season 7, VidFIRE restored	1080p Blu-ray. Doctor Who: The Collection - Season 7, March 2025, with optional DVD-era and extended cuts of some episodes. No UHD release exists	2026-09-21	1920x1080 25fps DTS	The Collection season 7 Blu-ray | 1080p25 HEVC off the disc, VidFIRE restored, 6 DTS 2.0 tracks (episode plus commentaries) and 2 English PGS tracks inside, 14.84 Mbps. Note the uploader's Spearhead from Space files are numbered one out - their S7E01 is part 4 - proven twice over, by audio against the held copy and by Wikipedia's per-episode runtimes, so this row is their file labelled S7E02	1970-01-03	Meteorites fall in a Home Counties wood and a plastics factory starts turning out shop dummies that move. UNIT has a newly exiled Doctor on its hands, and the Nestene Consciousness has a body waiting.
7	Main Show	Spearhead from Space (2)	ok		1080p Blu-ray, The Collection season 7, VidFIRE restored	1080p Blu-ray. Doctor Who: The Collection - Season 7, March 2025, with optional DVD-era and extended cuts of some episodes. No UHD release exists	2026-09-21	1920x1080 25fps DTS	The Collection season 7 Blu-ray | 1080p25 HEVC off the disc, VidFIRE restored, 6 DTS 2.0 tracks (episode plus commentaries) and 2 English PGS tracks inside, 16.05 Mbps. Note the uploader's Spearhead from Space files are numbered one out - their S7E01 is part 4 - proven twice over, by audio against the held copy and by Wikipedia's per-episode runtimes, so this row is their file labelled S7E03	1970-01-10	Meteorites fall in a Home Counties wood and a plastics factory starts turning out shop dummies that move. UNIT has a newly exiled Doctor on its hands, and the Nestene Consciousness has a body waiting.
7	Main Show	Spearhead from Space (3)	ok		1080p Blu-ray, The Collection season 7, VidFIRE restored	1080p Blu-ray. Doctor Who: The Collection - Season 7, March 2025, with optional DVD-era and extended cuts of some episodes. No UHD release exists	2026-09-21	1920x1080 25fps DTS	The Collection season 7 Blu-ray | 1080p25 HEVC off the disc, VidFIRE restored, 6 DTS 2.0 tracks (episode plus commentaries) and 2 English PGS tracks inside, 16.01 Mbps. Note the uploader's Spearhead from Space files are numbered one out - their S7E01 is part 4 - proven twice over, by audio against the held copy and by Wikipedia's per-episode runtimes, so this row is their file labelled S7E04	1970-01-17	Meteorites fall in a Home Counties wood and a plastics factory starts turning out shop dummies that move. UNIT has a newly exiled Doctor on its hands, and the Nestene Consciousness has a body waiting.
7	Main Show	Spearhead from Space (4)	ok		1080p Blu-ray, The Collection season 7, VidFIRE restored	1080p Blu-ray. Doctor Who: The Collection - Season 7, March 2025, with optional DVD-era and extended cuts of some episodes. No UHD release exists	2026-09-21	1920x1080 25fps DTS	The Collection season 7 Blu-ray | 1080p25 HEVC off the disc, VidFIRE restored, 6 DTS 2.0 tracks (episode plus commentaries) and 2 English PGS tracks inside, 14.99 Mbps. Note the uploader's Spearhead from Space files are numbered one out - their S7E01 is part 4 - proven twice over, by audio against the held copy and by Wikipedia's per-episode runtimes, so this row is their file labelled S7E01	1970-01-24	Meteorites fall in a Home Counties wood and a plastics factory starts turning out shop dummies that move. UNIT has a newly exiled Doctor on its hands, and the Nestene Consciousness has a body waiting.
7	Main Show	Doctor Who and the Silurians (1)	ok		1080p Blu-ray, The Collection season 7, VidFIRE restored	1080p Blu-ray. Doctor Who: The Collection - Season 7, March 2025, with optional DVD-era and extended cuts of some episodes. No UHD release exists	2026-09-21	1920x1080 25fps DTS	The Collection season 7 Blu-ray | 1080p25 HEVC off the disc, VidFIRE restored, 6 DTS 2.0 tracks (episode plus commentaries) and 2 English PGS tracks inside, 12.02 Mbps	1970-01-31	A research centre in a Derbyshire cave system loses power it cannot account for, and men come out of the tunnels changed. Reptiles who ruled the Earth before humans have woken, and they consider the surface theirs.
7	Main Show	Doctor Who and the Silurians (2)	ok		1080p Blu-ray, The Collection season 7, VidFIRE restored	1080p Blu-ray. Doctor Who: The Collection - Season 7, March 2025, with optional DVD-era and extended cuts of some episodes. No UHD release exists	2026-09-21	1920x1080 25fps DTS	The Collection season 7 Blu-ray | 1080p25 HEVC off the disc, VidFIRE restored, 6 DTS 2.0 tracks (episode plus commentaries) and 2 English PGS tracks inside, 12.33 Mbps	1970-02-07	A research centre in a Derbyshire cave system loses power it cannot account for, and men come out of the tunnels changed. Reptiles who ruled the Earth before humans have woken, and they consider the surface theirs.
7	Main Show	Doctor Who and the Silurians (3)	ok		1080p Blu-ray, The Collection season 7, VidFIRE restored	1080p Blu-ray. Doctor Who: The Collection - Season 7, March 2025, with optional DVD-era and extended cuts of some episodes. No UHD release exists	2026-09-21	1920x1080 25fps DTS	The Collection season 7 Blu-ray | 1080p25 HEVC off the disc, VidFIRE restored, 6 DTS 2.0 tracks (episode plus commentaries) and 2 English PGS tracks inside, 12.77 Mbps	1970-02-14	A research centre in a Derbyshire cave system loses power it cannot account for, and men come out of the tunnels changed. Reptiles who ruled the Earth before humans have woken, and they consider the surface theirs.
7	Main Show	Doctor Who and the Silurians (4)	ok		1080p Blu-ray, The Collection season 7, VidFIRE restored	1080p Blu-ray. Doctor Who: The Collection - Season 7, March 2025, with optional DVD-era and extended cuts of some episodes. No UHD release exists	2026-09-21	1920x1080 25fps DTS	The Collection season 7 Blu-ray | 1080p25 HEVC off the disc, VidFIRE restored, 6 DTS 2.0 tracks (episode plus commentaries) and 2 English PGS tracks inside, 12.12 Mbps	1970-02-21	A research centre in a Derbyshire cave system loses power it cannot account for, and men come out of the tunnels changed. Reptiles who ruled the Earth before humans have woken, and they consider the surface theirs.
7	Main Show	Doctor Who and the Silurians (5)	ok		1080p Blu-ray, The Collection season 7, VidFIRE restored	1080p Blu-ray. Doctor Who: The Collection - Season 7, March 2025, with optional DVD-era and extended cuts of some episodes. No UHD release exists	2026-09-21	1920x1080 25fps DTS	The Collection season 7 Blu-ray | 1080p25 HEVC off the disc, VidFIRE restored, 6 DTS 2.0 tracks (episode plus commentaries) and 2 English PGS tracks inside, 12.77 Mbps	1970-02-28	A research centre in a Derbyshire cave system loses power it cannot account for, and men come out of the tunnels changed. Reptiles who ruled the Earth before humans have woken, and they consider the surface theirs.
7	Main Show	Doctor Who and the Silurians (6)	ok		1080p Blu-ray, The Collection season 7, VidFIRE restored	1080p Blu-ray. Doctor Who: The Collection - Season 7, March 2025, with optional DVD-era and extended cuts of some episodes. No UHD release exists	2026-09-21	1920x1080 25fps DTS	The Collection season 7 Blu-ray | 1080p25 HEVC off the disc, VidFIRE restored, 6 DTS 2.0 tracks (episode plus commentaries) and 2 English PGS tracks inside, 13.48 Mbps	1970-03-07	A research centre in a Derbyshire cave system loses power it cannot account for, and men come out of the tunnels changed. Reptiles who ruled the Earth before humans have woken, and they consider the surface theirs.
7	Main Show	Doctor Who and the Silurians (7)	ok		1080p Blu-ray, The Collection season 7, VidFIRE restored	1080p Blu-ray. Doctor Who: The Collection - Season 7, March 2025, with optional DVD-era and extended cuts of some episodes. No UHD release exists	2026-09-21	1920x1080 25fps DTS	The Collection season 7 Blu-ray | 1080p25 HEVC off the disc, VidFIRE restored, 6 DTS 2.0 tracks (episode plus commentaries) and 2 English PGS tracks inside, 12.00 Mbps	1970-03-14	A research centre in a Derbyshire cave system loses power it cannot account for, and men come out of the tunnels changed. Reptiles who ruled the Earth before humans have woken, and they consider the surface theirs.
7	Main Show	The Ambassadors of Death (1)	ok		1080p Blu-ray, The Collection season 7, VidFIRE restored	1080p Blu-ray. Doctor Who: The Collection - Season 7, March 2025, with optional DVD-era and extended cuts of some episodes. No UHD release exists	2026-09-21	1920x1080 25fps DTS	The Collection season 7 Blu-ray | 1080p25 HEVC off the disc, VidFIRE restored, 4 DTS 2.0 tracks (episode plus commentaries) and 2 English PGS tracks inside, 8.32 Mbps	1970-03-21	A recovery capsule returns from Mars with the astronauts' suits holding something that is not the crew. Somebody in the space programme is using them, and the aliens who sent them want their people back.
7	Main Show	The Ambassadors of Death (2)	ok		1080p Blu-ray, The Collection season 7, VidFIRE restored	1080p Blu-ray. Doctor Who: The Collection - Season 7, March 2025, with optional DVD-era and extended cuts of some episodes. No UHD release exists	2026-09-21	1920x1080 25fps DTS	The Collection season 7 Blu-ray | 1080p25 HEVC off the disc, VidFIRE restored, 4 DTS 2.0 tracks (episode plus commentaries) and 2 English PGS tracks inside, 9.54 Mbps	1970-03-28	A recovery capsule returns from Mars with the astronauts' suits holding something that is not the crew. Somebody in the space programme is using them, and the aliens who sent them want their people back.
7	Main Show	The Ambassadors of Death (3)	ok		1080p Blu-ray, The Collection season 7, VidFIRE restored	1080p Blu-ray. Doctor Who: The Collection - Season 7, March 2025, with optional DVD-era and extended cuts of some episodes. No UHD release exists	2026-09-21	1920x1080 25fps DTS	The Collection season 7 Blu-ray | 1080p25 HEVC off the disc, VidFIRE restored, 4 DTS 2.0 tracks (episode plus commentaries) and 2 English PGS tracks inside, 10.46 Mbps	1970-04-04	A recovery capsule returns from Mars with the astronauts' suits holding something that is not the crew. Somebody in the space programme is using them, and the aliens who sent them want their people back.
7	Main Show	The Ambassadors of Death (4)	ok		1080p Blu-ray, The Collection season 7, VidFIRE restored	1080p Blu-ray. Doctor Who: The Collection - Season 7, March 2025, with optional DVD-era and extended cuts of some episodes. No UHD release exists	2026-09-21	1920x1080 25fps DTS	The Collection season 7 Blu-ray | 1080p25 HEVC off the disc, VidFIRE restored, 4 DTS 2.0 tracks (episode plus commentaries) and 2 English PGS tracks inside, 10.65 Mbps	1970-04-11	A recovery capsule returns from Mars with the astronauts' suits holding something that is not the crew. Somebody in the space programme is using them, and the aliens who sent them want their people back.
7	Main Show	The Ambassadors of Death (5)	ok		1080p Blu-ray, The Collection season 7, VidFIRE restored	1080p Blu-ray. Doctor Who: The Collection - Season 7, March 2025, with optional DVD-era and extended cuts of some episodes. No UHD release exists	2026-09-21	1920x1080 25fps DTS	The Collection season 7 Blu-ray | 1080p25 HEVC off the disc, VidFIRE restored, 4 DTS 2.0 tracks (episode plus commentaries) and 2 English PGS tracks inside, 9.28 Mbps	1970-04-18	A recovery capsule returns from Mars with the astronauts' suits holding something that is not the crew. Somebody in the space programme is using them, and the aliens who sent them want their people back.
7	Main Show	The Ambassadors of Death (6)	ok		1080p Blu-ray, The Collection season 7, VidFIRE restored	1080p Blu-ray. Doctor Who: The Collection - Season 7, March 2025, with optional DVD-era and extended cuts of some episodes. No UHD release exists	2026-09-21	1920x1080 25fps DTS	The Collection season 7 Blu-ray | 1080p25 HEVC off the disc, VidFIRE restored, 4 DTS 2.0 tracks (episode plus commentaries) and 2 English PGS tracks inside, 10.10 Mbps	1970-04-25	A recovery capsule returns from Mars with the astronauts' suits holding something that is not the crew. Somebody in the space programme is using them, and the aliens who sent them want their people back.
7	Main Show	The Ambassadors of Death (7)	ok		1080p Blu-ray, The Collection season 7, VidFIRE restored	1080p Blu-ray. Doctor Who: The Collection - Season 7, March 2025, with optional DVD-era and extended cuts of some episodes. No UHD release exists	2026-09-21	1920x1080 25fps DTS	The Collection season 7 Blu-ray | 1080p25 HEVC off the disc, VidFIRE restored, 4 DTS 2.0 tracks (episode plus commentaries) and 2 English PGS tracks inside, 10.85 Mbps	1970-05-02	A recovery capsule returns from Mars with the astronauts' suits holding something that is not the crew. Somebody in the space programme is using them, and the aliens who sent them want their people back.
7	Main Show	Inferno (1)	ok		1080p Blu-ray, The Collection season 7, VidFIRE restored	1080p Blu-ray. Doctor Who: The Collection - Season 7, March 2025, with optional DVD-era and extended cuts of some episodes. No UHD release exists	2026-09-21	1920x1080 25fps DTS	The Collection season 7 Blu-ray | 1080p25 HEVC off the disc, VidFIRE restored, 4 DTS 2.0 tracks (episode plus commentaries) and 2 English PGS tracks inside, 9.04 Mbps	1970-05-09	A drilling project to reach the Earth's crust brings up a green slime that turns men into savage creatures. A mishap throws the Doctor sideways into a fascist Britain where the same drill is further along.
7	Main Show	Inferno (2)	ok		1080p Blu-ray, The Collection season 7, VidFIRE restored	1080p Blu-ray. Doctor Who: The Collection - Season 7, March 2025, with optional DVD-era and extended cuts of some episodes. No UHD release exists	2026-09-21	1920x1080 25fps DTS	The Collection season 7 Blu-ray | 1080p25 HEVC off the disc, VidFIRE restored, 4 DTS 2.0 tracks (episode plus commentaries) and 2 English PGS tracks inside, 9.88 Mbps	1970-05-16	A drilling project to reach the Earth's crust brings up a green slime that turns men into savage creatures. A mishap throws the Doctor sideways into a fascist Britain where the same drill is further along.
7	Main Show	Inferno (3)	ok		1080p Blu-ray, The Collection season 7, VidFIRE restored	1080p Blu-ray. Doctor Who: The Collection - Season 7, March 2025, with optional DVD-era and extended cuts of some episodes. No UHD release exists	2026-09-21	1920x1080 25fps DTS	The Collection season 7 Blu-ray | 1080p25 HEVC off the disc, VidFIRE restored, 4 DTS 2.0 tracks (episode plus commentaries) and 2 English PGS tracks inside, 9.75 Mbps	1970-05-23	A drilling project to reach the Earth's crust brings up a green slime that turns men into savage creatures. A mishap throws the Doctor sideways into a fascist Britain where the same drill is further along.
7	Main Show	Inferno (4)	ok		1080p Blu-ray, The Collection season 7, VidFIRE restored	1080p Blu-ray. Doctor Who: The Collection - Season 7, March 2025, with optional DVD-era and extended cuts of some episodes. No UHD release exists	2026-09-21	1920x1080 25fps DTS	The Collection season 7 Blu-ray | 1080p25 HEVC off the disc, VidFIRE restored, 4 DTS 2.0 tracks (episode plus commentaries) and 2 English PGS tracks inside, 8.76 Mbps	1970-05-30	A drilling project to reach the Earth's crust brings up a green slime that turns men into savage creatures. A mishap throws the Doctor sideways into a fascist Britain where the same drill is further along.
7	Main Show	Inferno (5)	ok		1080p Blu-ray, The Collection season 7, VidFIRE restored	1080p Blu-ray. Doctor Who: The Collection - Season 7, March 2025, with optional DVD-era and extended cuts of some episodes. No UHD release exists	2026-09-21	1920x1080 25fps DTS	The Collection season 7 Blu-ray | 1080p25 HEVC off the disc, VidFIRE restored, 4 DTS 2.0 tracks (episode plus commentaries) and 2 English PGS tracks inside, 9.90 Mbps	1970-06-06	A drilling project to reach the Earth's crust brings up a green slime that turns men into savage creatures. A mishap throws the Doctor sideways into a fascist Britain where the same drill is further along.
7	Main Show	Inferno (6)	ok		1080p Blu-ray, The Collection season 7, VidFIRE restored	1080p Blu-ray. Doctor Who: The Collection - Season 7, March 2025, with optional DVD-era and extended cuts of some episodes. No UHD release exists	2026-09-21	1920x1080 25fps DTS	The Collection season 7 Blu-ray | 1080p25 HEVC off the disc, VidFIRE restored, 4 DTS 2.0 tracks (episode plus commentaries) and 2 English PGS tracks inside, 10.34 Mbps	1970-06-13	A drilling project to reach the Earth's crust brings up a green slime that turns men into savage creatures. A mishap throws the Doctor sideways into a fascist Britain where the same drill is further along.
7	Main Show	Inferno (7)	ok		1080p Blu-ray, The Collection season 7, VidFIRE restored	1080p Blu-ray. Doctor Who: The Collection - Season 7, March 2025, with optional DVD-era and extended cuts of some episodes. No UHD release exists	2026-09-21	1920x1080 25fps DTS	The Collection season 7 Blu-ray | 1080p25 HEVC off the disc, VidFIRE restored, 4 DTS 2.0 tracks (episode plus commentaries) and 2 English PGS tracks inside, 9.11 Mbps	1970-06-20	A drilling project to reach the Earth's crust brings up a green slime that turns men into savage creatures. A mishap throws the Doctor sideways into a fascist Britain where the same drill is further along.
8	Main Show	Terror of the Autons (1)	ok		1080p Blu-ray upscale		2026-09-15	720x576 25fps AAC			Shop dummies, daffodils and a plastic chair start killing people across southern England. A new Time Lord has arrived with a hypnotic voice and a taste for elaborate method, and he has called the Nestenes back.
8	Main Show	Terror of the Autons (2)	ok		1080p Blu-ray upscale		2026-09-15	720x576 25fps AAC			Shop dummies, daffodils and a plastic chair start killing people across southern England. A new Time Lord has arrived with a hypnotic voice and a taste for elaborate method, and he has called the Nestenes back.
8	Main Show	Terror of the Autons (3)	ok		1080p Blu-ray upscale		2026-09-15	720x576 25fps AAC			Shop dummies, daffodils and a plastic chair start killing people across southern England. A new Time Lord has arrived with a hypnotic voice and a taste for elaborate method, and he has called the Nestenes back.
8	Main Show	Terror of the Autons (4)	ok		1080p Blu-ray upscale		2026-09-15	720x576 25fps AAC			Shop dummies, daffodils and a plastic chair start killing people across southern England. A new Time Lord has arrived with a hypnotic voice and a taste for elaborate method, and he has called the Nestenes back.
8	Main Show	The Mind of Evil (1)	ok		1080p Blu-ray upscale		2026-09-15	720x576 25fps AAC			A machine at Stangmoor Prison draws the evil out of inmates and leaves them docile, and its inventor is not who he claims to be. A peace conference and a captured missile are parts of the same plan.
8	Main Show	The Mind of Evil (2)	ok		1080p Blu-ray upscale		2026-09-15	720x576 25fps AAC			A machine at Stangmoor Prison draws the evil out of inmates and leaves them docile, and its inventor is not who he claims to be. A peace conference and a captured missile are parts of the same plan.
8	Main Show	The Mind of Evil (3)	ok		1080p Blu-ray upscale		2026-09-15	720x576 25fps AAC			A machine at Stangmoor Prison draws the evil out of inmates and leaves them docile, and its inventor is not who he claims to be. A peace conference and a captured missile are parts of the same plan.
8	Main Show	The Mind of Evil (4)	ok		1080p Blu-ray upscale		2026-09-15	720x576 25fps AAC			A machine at Stangmoor Prison draws the evil out of inmates and leaves them docile, and its inventor is not who he claims to be. A peace conference and a captured missile are parts of the same plan.
8	Main Show	The Mind of Evil (5)	ok		1080p Blu-ray upscale		2026-09-15	720x576 25fps AAC			A machine at Stangmoor Prison draws the evil out of inmates and leaves them docile, and its inventor is not who he claims to be. A peace conference and a captured missile are parts of the same plan.
8	Main Show	The Mind of Evil (6)	ok		1080p Blu-ray upscale		2026-09-15	720x576 25fps AAC			A machine at Stangmoor Prison draws the evil out of inmates and leaves them docile, and its inventor is not who he claims to be. A peace conference and a captured missile are parts of the same plan.
8	Main Show	The Claws of Axos (1)	ok		1080p Blu-ray upscale		2026-09-15	720x576 25fps AAC			A damaged ship lands in England offering a miracle substance called axonite in return for repairs. The Ministry is eager, the Master is aboard, and the ship and its crew are one organism.
8	Main Show	The Claws of Axos (2)	ok		1080p Blu-ray upscale		2026-09-15	720x576 25fps AAC			A damaged ship lands in England offering a miracle substance called axonite in return for repairs. The Ministry is eager, the Master is aboard, and the ship and its crew are one organism.
8	Main Show	The Claws of Axos (3)	ok		1080p Blu-ray upscale		2026-09-15	720x576 25fps AAC			A damaged ship lands in England offering a miracle substance called axonite in return for repairs. The Ministry is eager, the Master is aboard, and the ship and its crew are one organism.
8	Main Show	The Claws of Axos (4)	ok		1080p Blu-ray upscale		2026-09-15	720x576 25fps AAC			A damaged ship lands in England offering a miracle substance called axonite in return for repairs. The Ministry is eager, the Master is aboard, and the ship and its crew are one organism.
8	Main Show	Colony in Space (1)	ok		1080p Blu-ray upscale		2026-09-15	720x576 25fps AAC			Settlers on a barren world are losing crops and lives to something in the ruins, and a mining corporation wants them gone. The Master has come a long way for a weapon the planet's builders left behind.
8	Main Show	Colony in Space (2)	ok		1080p Blu-ray upscale		2026-09-15	720x576 25fps AAC			Settlers on a barren world are losing crops and lives to something in the ruins, and a mining corporation wants them gone. The Master has come a long way for a weapon the planet's builders left behind.
8	Main Show	Colony in Space (3)	ok		1080p Blu-ray upscale		2026-09-15	720x576 25fps AAC			Settlers on a barren world are losing crops and lives to something in the ruins, and a mining corporation wants them gone. The Master has come a long way for a weapon the planet's builders left behind.
8	Main Show	Colony in Space (4)	ok		1080p Blu-ray upscale		2026-09-15	720x576 25fps AAC			Settlers on a barren world are losing crops and lives to something in the ruins, and a mining corporation wants them gone. The Master has come a long way for a weapon the planet's builders left behind.
8	Main Show	Colony in Space (5)	ok		1080p Blu-ray upscale		2026-09-15	720x576 25fps AAC			Settlers on a barren world are losing crops and lives to something in the ruins, and a mining corporation wants them gone. The Master has come a long way for a weapon the planet's builders left behind.
8	Main Show	Colony in Space (6)	ok		1080p Blu-ray upscale		2026-09-15	720x576 25fps AAC			Settlers on a barren world are losing crops and lives to something in the ruins, and a mining corporation wants them gone. The Master has come a long way for a weapon the planet's builders left behind.
8	Main Show	The Daemons (1)	ok		1080p Blu-ray upscale		2026-09-15	720x576 25fps AAC			A barrow at Devil's End is opened on live television and the village turns on itself under its new vicar. Something older than humanity is waking underneath, and it decides whether a species is worth keeping.
8	Main Show	The Daemons (2)	ok		1080p Blu-ray upscale		2026-09-15	720x576 25fps AAC			A barrow at Devil's End is opened on live television and the village turns on itself under its new vicar. Something older than humanity is waking underneath, and it decides whether a species is worth keeping.
8	Main Show	The Daemons (3)	ok		1080p Blu-ray upscale		2026-09-15	720x576 25fps AAC			A barrow at Devil's End is opened on live television and the village turns on itself under its new vicar. Something older than humanity is waking underneath, and it decides whether a species is worth keeping.
8	Main Show	The Daemons (4)	ok		1080p Blu-ray upscale		2026-09-15	720x576 25fps AAC			A barrow at Devil's End is opened on live television and the village turns on itself under its new vicar. Something older than humanity is waking underneath, and it decides whether a species is worth keeping.
8	Main Show	The Daemons (5)	ok		1080p Blu-ray upscale		2026-09-15	720x576 25fps AAC			A barrow at Devil's End is opened on live television and the village turns on itself under its new vicar. Something older than humanity is waking underneath, and it decides whether a species is worth keeping.
8	Minisode	Return of the Autons	ok		1080p Blu-ray		2026-09-15				Years after leaving UNIT, Jo Jones and her husband Cliff are back in England when the shop dummies start moving again. Jo has seen this before and knows exactly how little time there is to warn anybody.
9	Main Show	Day of the Daleks (1)	ok		1080p Blu-ray upscale		2026-09-15	688x528 25fps MP3			Guerrillas from a future Earth travel back to kill the diplomat they blame for the war that let the Daleks take over. The Doctor has to work out whether stopping them prevents that future or causes it.
9	Main Show	Day of the Daleks (2)	ok		1080p Blu-ray upscale		2026-09-15	688x528 25fps MP3			Guerrillas from a future Earth travel back to kill the diplomat they blame for the war that let the Daleks take over. The Doctor has to work out whether stopping them prevents that future or causes it.
9	Main Show	Day of the Daleks (3)	ok		1080p Blu-ray upscale		2026-09-15	688x528 25fps MP3			Guerrillas from a future Earth travel back to kill the diplomat they blame for the war that let the Daleks take over. The Doctor has to work out whether stopping them prevents that future or causes it.
9	Main Show	Day of the Daleks (4)	ok		1080p Blu-ray upscale		2026-09-15	688x528 25fps MP3			Guerrillas from a future Earth travel back to kill the diplomat they blame for the war that let the Daleks take over. The Doctor has to work out whether stopping them prevents that future or causes it.
9	Main Show	The Curse of Peladon (1)	ok		1080p Blu-ray upscale		2026-09-15	704x528 25fps MP3			Peladon is petitioning to join the Galactic Federation and its high priest warns that the beast of legend is stirring. The Doctor arrives among suspicious delegates, and a murder makes the warning look true.
9	Main Show	The Curse of Peladon (2)	ok		1080p Blu-ray upscale		2026-09-15	688x512 25fps MP3			Peladon is petitioning to join the Galactic Federation and its high priest warns that the beast of legend is stirring. The Doctor arrives among suspicious delegates, and a murder makes the warning look true.
9	Main Show	The Curse of Peladon (3)	ok		1080p Blu-ray upscale		2026-09-15	704x528 25fps MP3			Peladon is petitioning to join the Galactic Federation and its high priest warns that the beast of legend is stirring. The Doctor arrives among suspicious delegates, and a murder makes the warning look true.
9	Main Show	The Curse of Peladon (4)	ok		1080p Blu-ray upscale		2026-09-15	688x512 25fps MP3			Peladon is petitioning to join the Galactic Federation and its high priest warns that the beast of legend is stirring. The Doctor arrives among suspicious delegates, and a murder makes the warning look true.
9	Main Show	The Sea Devils (1)	ok		1080p Blu-ray upscale		2026-09-15	688x528 25fps MP3			Ships are vanishing off the south coast and a sea fort has lost its crew. The Master is imprisoned on an island nearby, and he has been talking to the reptiles living on the sea bed.
9	Main Show	The Sea Devils (2)	ok		1080p Blu-ray upscale		2026-09-15	688x528 25fps MP3			Ships are vanishing off the south coast and a sea fort has lost its crew. The Master is imprisoned on an island nearby, and he has been talking to the reptiles living on the sea bed.
9	Main Show	The Sea Devils (3)	ok		1080p Blu-ray upscale		2026-09-15	688x528 25fps MP3			Ships are vanishing off the south coast and a sea fort has lost its crew. The Master is imprisoned on an island nearby, and he has been talking to the reptiles living on the sea bed.
9	Main Show	The Sea Devils (4)	ok		1080p Blu-ray upscale		2026-09-15	688x528 25fps MP3			Ships are vanishing off the south coast and a sea fort has lost its crew. The Master is imprisoned on an island nearby, and he has been talking to the reptiles living on the sea bed.
9	Main Show	The Sea Devils (5)	ok		1080p Blu-ray upscale		2026-09-15	688x528 25fps MP3			Ships are vanishing off the south coast and a sea fort has lost its crew. The Master is imprisoned on an island nearby, and he has been talking to the reptiles living on the sea bed.
9	Main Show	The Sea Devils (6)	ok		1080p Blu-ray upscale		2026-09-15	688x528 25fps MP3			Ships are vanishing off the south coast and a sea fort has lost its crew. The Master is imprisoned on an island nearby, and he has been talking to the reptiles living on the sea bed.
9	Main Show	The Mutants (1)	ok		1080p Blu-ray upscale		2026-09-15	720x576 25fps AC-3			Solos is being handed back its independence while its atmosphere is changed to suit humans. The native people are turning into something else, and the Marshal intends to keep the planet whatever it costs.
9	Main Show	The Mutants (2)	ok		1080p Blu-ray upscale		2026-09-15	720x576 25fps AC-3			Solos is being handed back its independence while its atmosphere is changed to suit humans. The native people are turning into something else, and the Marshal intends to keep the planet whatever it costs.
9	Main Show	The Mutants (3)	ok		1080p Blu-ray upscale		2026-09-15	720x576 25fps AC-3			Solos is being handed back its independence while its atmosphere is changed to suit humans. The native people are turning into something else, and the Marshal intends to keep the planet whatever it costs.
9	Main Show	The Mutants (4)	ok		1080p Blu-ray upscale		2026-09-15	720x576 25fps AC-3			Solos is being handed back its independence while its atmosphere is changed to suit humans. The native people are turning into something else, and the Marshal intends to keep the planet whatever it costs.
9	Main Show	The Mutants (5)	ok		1080p Blu-ray upscale		2026-09-15	720x576 25fps AC-3			Solos is being handed back its independence while its atmosphere is changed to suit humans. The native people are turning into something else, and the Marshal intends to keep the planet whatever it costs.
9	Main Show	The Mutants (6)	ok		1080p Blu-ray upscale		2026-09-15	720x576 25fps AC-3			Solos is being handed back its independence while its atmosphere is changed to suit humans. The native people are turning into something else, and the Marshal intends to keep the planet whatever it costs.
9	Main Show	The Time Monster (1)	ok		1080p Blu-ray upscale		2026-09-15	688x512 25fps MP3			A physicist in Cambridge has built a machine that pulls objects out of their own time, and the Master is running it. What he actually wants is buried under Atlantis and has no interest in being commanded.
9	Main Show	The Time Monster (2)	ok		1080p Blu-ray upscale		2026-09-15	688x512 25fps MP3			A physicist in Cambridge has built a machine that pulls objects out of their own time, and the Master is running it. What he actually wants is buried under Atlantis and has no interest in being commanded.
9	Main Show	The Time Monster (3)	ok		1080p Blu-ray upscale		2026-09-15	688x512 25fps MP3			A physicist in Cambridge has built a machine that pulls objects out of their own time, and the Master is running it. What he actually wants is buried under Atlantis and has no interest in being commanded.
9	Main Show	The Time Monster (4)	ok		1080p Blu-ray upscale		2026-09-15	688x512 25fps MP3			A physicist in Cambridge has built a machine that pulls objects out of their own time, and the Master is running it. What he actually wants is buried under Atlantis and has no interest in being commanded.
9	Main Show	The Time Monster (5)	ok		1080p Blu-ray upscale		2026-09-15	688x512 25fps MP3			A physicist in Cambridge has built a machine that pulls objects out of their own time, and the Master is running it. What he actually wants is buried under Atlantis and has no interest in being commanded.
9	Main Show	The Time Monster (6)	ok		1080p Blu-ray upscale		2026-09-15	688x512 25fps AC-3			A physicist in Cambridge has built a machine that pulls objects out of their own time, and the Master is running it. What he actually wants is buried under Atlantis and has no interest in being commanded.
9	Minisode	Defenders of Earth	ok		1080p Blu-ray		2026-09-15				
10	Main Show	The Three Doctors (1)	ok		1080p Blu-ray upscale		2026-09-15	720x576 25fps AC-3			A force is draining energy out of the universe and the Time Lords can do nothing against it. They break their own laws to put three of the Doctor's lives in one place, and the enemy turns out to be one of their founders.
10	Main Show	The Three Doctors (2)	ok		1080p Blu-ray upscale		2026-09-15	720x576 25fps AC-3			A force is draining energy out of the universe and the Time Lords can do nothing against it. They break their own laws to put three of the Doctor's lives in one place, and the enemy turns out to be one of their founders.
10	Main Show	The Three Doctors (3)	ok		1080p Blu-ray upscale		2026-09-15	720x576 25fps AC-3			A force is draining energy out of the universe and the Time Lords can do nothing against it. They break their own laws to put three of the Doctor's lives in one place, and the enemy turns out to be one of their founders.
10	Main Show	The Three Doctors (4)	ok		1080p Blu-ray upscale		2026-09-15	720x576 25fps AC-3			A force is draining energy out of the universe and the Time Lords can do nothing against it. They break their own laws to put three of the Doctor's lives in one place, and the enemy turns out to be one of their founders.
10	Main Show	Carnival of Monsters (1)	ok		1080p Blu-ray upscale		2026-09-15	720x576 25fps AC-3			A cargo ship on the Indian Ocean keeps living the same hour over again, and the TARDIS has landed inside it. The whole scene is a compartment in a showman's machine, and the creatures in the next tank are getting out.
10	Main Show	Carnival of Monsters (2)	ok		1080p Blu-ray upscale		2026-09-15	720x576 25fps AC-3			A cargo ship on the Indian Ocean keeps living the same hour over again, and the TARDIS has landed inside it. The whole scene is a compartment in a showman's machine, and the creatures in the next tank are getting out.
10	Main Show	Carnival of Monsters (3)	ok		1080p Blu-ray upscale		2026-09-15	720x576 25fps AC-3			A cargo ship on the Indian Ocean keeps living the same hour over again, and the TARDIS has landed inside it. The whole scene is a compartment in a showman's machine, and the creatures in the next tank are getting out.
10	Main Show	Carnival of Monsters (4)	ok		1080p Blu-ray upscale		2026-09-15	720x576 25fps AC-3			A cargo ship on the Indian Ocean keeps living the same hour over again, and the TARDIS has landed inside it. The whole scene is a compartment in a showman's machine, and the creatures in the next tank are getting out.
10	Main Show	Frontier in Space (1)	ok		1080p Blu-ray upscale		2026-09-15	720x576 25fps AAC			Earth and Draconia are close to war, each convinced the other is raiding its ships. Both are being played, and the Doctor is shipped between prisons while fresh evidence keeps arriving on schedule.
10	Main Show	Frontier in Space (2)	ok		1080p Blu-ray upscale		2026-09-15	720x576 25fps AAC			Earth and Draconia are close to war, each convinced the other is raiding its ships. Both are being played, and the Doctor is shipped between prisons while fresh evidence keeps arriving on schedule.
10	Main Show	Frontier in Space (3)	ok		1080p Blu-ray upscale		2026-09-15	720x576 25fps AAC			Earth and Draconia are close to war, each convinced the other is raiding its ships. Both are being played, and the Doctor is shipped between prisons while fresh evidence keeps arriving on schedule.
10	Main Show	Frontier in Space (4)	ok		1080p Blu-ray upscale		2026-09-15	720x576 25fps AAC			Earth and Draconia are close to war, each convinced the other is raiding its ships. Both are being played, and the Doctor is shipped between prisons while fresh evidence keeps arriving on schedule.
10	Main Show	Frontier in Space (5)	ok		1080p Blu-ray upscale		2026-09-15	720x576 25fps AAC			Earth and Draconia are close to war, each convinced the other is raiding its ships. Both are being played, and the Doctor is shipped between prisons while fresh evidence keeps arriving on schedule.
10	Main Show	Frontier in Space (6)	ok		1080p Blu-ray upscale		2026-09-15	720x576 25fps AAC			Earth and Draconia are close to war, each convinced the other is raiding its ships. Both are being played, and the Doctor is shipped between prisons while fresh evidence keeps arriving on schedule.
10	Main Show	Planet of the Daleks (1)	ok		1080p Blu-ray upscale		2026-09-15	720x576 25fps AAC			Following the Daleks to Spiridon, the Doctor finds a Thal commando unit and a planet whose natives cannot be seen. Beneath the ice is an army of ten thousand Daleks waiting to be revived.
10	Main Show	Planet of the Daleks (2)	ok		1080p Blu-ray upscale		2026-09-15	720x576 25fps AAC			Following the Daleks to Spiridon, the Doctor finds a Thal commando unit and a planet whose natives cannot be seen. Beneath the ice is an army of ten thousand Daleks waiting to be revived.
10	Main Show	Planet of the Daleks (3)	ok		1080p Blu-ray upscale		2026-09-15	720x576 25fps AAC			Following the Daleks to Spiridon, the Doctor finds a Thal commando unit and a planet whose natives cannot be seen. Beneath the ice is an army of ten thousand Daleks waiting to be revived.
10	Main Show	Planet of the Daleks (4)	ok		1080p Blu-ray upscale		2026-09-15	720x576 25fps AAC			Following the Daleks to Spiridon, the Doctor finds a Thal commando unit and a planet whose natives cannot be seen. Beneath the ice is an army of ten thousand Daleks waiting to be revived.
10	Main Show	Planet of the Daleks (5)	ok		1080p Blu-ray upscale		2026-09-15	720x576 25fps AAC			Following the Daleks to Spiridon, the Doctor finds a Thal commando unit and a planet whose natives cannot be seen. Beneath the ice is an army of ten thousand Daleks waiting to be revived.
10	Main Show	Planet of the Daleks (6)	ok		1080p Blu-ray upscale		2026-09-15	720x576 25fps AAC			Following the Daleks to Spiridon, the Doctor finds a Thal commando unit and a planet whose natives cannot be seen. Beneath the ice is an army of ten thousand Daleks waiting to be revived.
10	Main Show	The Green Death (1)	ok		1080p Blu-ray upscale		2026-09-15	720x576 25fps AAC			A Welsh mining village has a chemical works pouring waste into the pit and miners coming up glowing green. The maggots breeding underground are growing, and the computer running the plant does not take advice.
10	Main Show	The Green Death (2)	ok		1080p Blu-ray upscale		2026-09-15	720x576 25fps AAC			A Welsh mining village has a chemical works pouring waste into the pit and miners coming up glowing green. The maggots breeding underground are growing, and the computer running the plant does not take advice.
10	Main Show	The Green Death (3)	ok		1080p Blu-ray upscale		2026-09-15	720x576 25fps AAC			A Welsh mining village has a chemical works pouring waste into the pit and miners coming up glowing green. The maggots breeding underground are growing, and the computer running the plant does not take advice.
10	Main Show	The Green Death (4)	ok		1080p Blu-ray upscale		2026-09-15	720x576 25fps AAC			A Welsh mining village has a chemical works pouring waste into the pit and miners coming up glowing green. The maggots breeding underground are growing, and the computer running the plant does not take advice.
10	Main Show	The Green Death (5)	ok		1080p Blu-ray upscale		2026-09-15	720x576 25fps AAC			A Welsh mining village has a chemical works pouring waste into the pit and miners coming up glowing green. The maggots breeding underground are growing, and the computer running the plant does not take advice.
10	Main Show	The Green Death (6)	ok		1080p Blu-ray upscale		2026-09-15	720x576 25fps AAC			A Welsh mining village has a chemical works pouring waste into the pit and miners coming up glowing green. The maggots breeding underground are growing, and the computer running the plant does not take advice.
10	Minisode	Hello Boys!	ok		1080p Blu-ray		2026-09-15				Jo Jones has been long retired from UNIT and living quietly for years when something out of her old life turns up on the doorstep. She has no Doctor to call this time and no intention at all of waiting for one.
11	Main Show	The Time Warrior (1)	ok		576p DVD		2026-09-15	688x512 25fps MP3			Scientists are disappearing from a research centre and turning up in the Middle Ages, put to work by a robber baron. A stranded Sontaran is repairing his ship with their help and has promised the baron weapons.
11	Main Show	The Time Warrior (2)	ok		576p DVD		2026-09-15	688x512 25fps MP3			Scientists are disappearing from a research centre and turning up in the Middle Ages, put to work by a robber baron. A stranded Sontaran is repairing his ship with their help and has promised the baron weapons.
11	Main Show	The Time Warrior (3)	ok		576p DVD		2026-09-15	688x512 25fps MP3			Scientists are disappearing from a research centre and turning up in the Middle Ages, put to work by a robber baron. A stranded Sontaran is repairing his ship with their help and has promised the baron weapons.
11	Main Show	The Time Warrior (4)	ok		576p DVD		2026-09-15	688x512 25fps MP3			Scientists are disappearing from a research centre and turning up in the Middle Ages, put to work by a robber baron. A stranded Sontaran is repairing his ship with their help and has promised the baron weapons.
11	Main Show	Invasion of the Dinosaurs (1)	ok		576p DVD		2026-09-15	688x512 25fps MP3			London is evacuated and patrolled by soldiers while dinosaurs appear in the empty streets. The people behind it believe they are saving the world, and a great many of them are in government.
11	Main Show	Invasion of the Dinosaurs (2)	ok		576p DVD		2026-09-15	688x512 25fps MP3			London is evacuated and patrolled by soldiers while dinosaurs appear in the empty streets. The people behind it believe they are saving the world, and a great many of them are in government.
11	Main Show	Invasion of the Dinosaurs (3)	ok		576p DVD		2026-09-15	688x512 25fps MP3			London is evacuated and patrolled by soldiers while dinosaurs appear in the empty streets. The people behind it believe they are saving the world, and a great many of them are in government.
11	Main Show	Invasion of the Dinosaurs (4)	ok		576p DVD		2026-09-15	688x512 25fps MP3			London is evacuated and patrolled by soldiers while dinosaurs appear in the empty streets. The people behind it believe they are saving the world, and a great many of them are in government.
11	Main Show	Invasion of the Dinosaurs (5)	ok		576p DVD		2026-09-15	688x512 25fps MP3			London is evacuated and patrolled by soldiers while dinosaurs appear in the empty streets. The people behind it believe they are saving the world, and a great many of them are in government.
11	Main Show	Invasion of the Dinosaurs (6)	ok		576p DVD		2026-09-15	688x512 25fps MP3			London is evacuated and patrolled by soldiers while dinosaurs appear in the empty streets. The people behind it believe they are saving the world, and a great many of them are in government.
11	Main Show	Death to the Daleks (1)	ok		576p DVD		2026-09-15	720x576 50fps AC-3			The TARDIS loses all power on Exxilon, where a living city drains every machine that comes near it. A Dalek ship is grounded for the same reason, and both crews need the same thing to leave.
11	Main Show	Death to the Daleks (2)	ok		576p DVD		2026-09-15	720x576 50fps AC-3			The TARDIS loses all power on Exxilon, where a living city drains every machine that comes near it. A Dalek ship is grounded for the same reason, and both crews need the same thing to leave.
11	Main Show	Death to the Daleks (3)	ok		576p DVD		2026-09-15	720x576 50fps AC-3			The TARDIS loses all power on Exxilon, where a living city drains every machine that comes near it. A Dalek ship is grounded for the same reason, and both crews need the same thing to leave.
11	Main Show	Death to the Daleks (4)	ok		576p DVD		2026-09-15	720x576 50fps AC-3			The TARDIS loses all power on Exxilon, where a living city drains every machine that comes near it. A Dalek ship is grounded for the same reason, and both crews need the same thing to leave.
11	Main Show	The Monster of Peladon (1)	ok		576p DVD		2026-09-15	688x512 25fps MP3			Fifty years on, Peladon's trisilicate mines are in dispute and the ghost of Aggedor is appearing to the miners. The Federation is at war and needs the ore, and somebody is making sure the strike continues.
11	Main Show	The Monster of Peladon (2)	ok		576p DVD		2026-09-15	688x512 25fps MP3			Fifty years on, Peladon's trisilicate mines are in dispute and the ghost of Aggedor is appearing to the miners. The Federation is at war and needs the ore, and somebody is making sure the strike continues.
11	Main Show	The Monster of Peladon (3)	ok		576p DVD		2026-09-15	688x512 25fps MP3			Fifty years on, Peladon's trisilicate mines are in dispute and the ghost of Aggedor is appearing to the miners. The Federation is at war and needs the ore, and somebody is making sure the strike continues.
11	Main Show	The Monster of Peladon (4)	ok		576p DVD		2026-09-15	688x512 25fps MP3			Fifty years on, Peladon's trisilicate mines are in dispute and the ghost of Aggedor is appearing to the miners. The Federation is at war and needs the ore, and somebody is making sure the strike continues.
11	Main Show	The Monster of Peladon (5)	ok		576p DVD		2026-09-15	688x512 25fps MP3			Fifty years on, Peladon's trisilicate mines are in dispute and the ghost of Aggedor is appearing to the miners. The Federation is at war and needs the ore, and somebody is making sure the strike continues.
11	Main Show	The Monster of Peladon (6)	ok		576p DVD		2026-09-15	688x512 25fps MP3			Fifty years on, Peladon's trisilicate mines are in dispute and the ghost of Aggedor is appearing to the miners. The Federation is at war and needs the ore, and somebody is making sure the strike continues.
11	Main Show	Planet of the Spiders (1)	ok		576p DVD		2026-09-15	688x512 25fps MP3			A meditation centre in the country is a front for something reaching through from Metebelis Three. The giant spiders there want the blue crystal the Doctor took, and they can ride a human spine to get it.
11	Main Show	Planet of the Spiders (2)	ok		576p DVD		2026-09-15	688x512 25fps MP3			A meditation centre in the country is a front for something reaching through from Metebelis Three. The giant spiders there want the blue crystal the Doctor took, and they can ride a human spine to get it.
11	Main Show	Planet of the Spiders (3)	ok		576p DVD		2026-09-15	688x512 25fps MP3			A meditation centre in the country is a front for something reaching through from Metebelis Three. The giant spiders there want the blue crystal the Doctor took, and they can ride a human spine to get it.
11	Main Show	Planet of the Spiders (4)	ok		576p DVD		2026-09-15	688x512 25fps MP3			A meditation centre in the country is a front for something reaching through from Metebelis Three. The giant spiders there want the blue crystal the Doctor took, and they can ride a human spine to get it.
11	Main Show	Planet of the Spiders (5)	ok		576p DVD		2026-09-15	688x512 25fps AC-3			A meditation centre in the country is a front for something reaching through from Metebelis Three. The giant spiders there want the blue crystal the Doctor took, and they can ride a human spine to get it.
11	Main Show	Planet of the Spiders (6)	ok		576p DVD		2026-09-15	688x512 25fps MP3			A meditation centre in the country is a front for something reaching through from Metebelis Three. The giant spiders there want the blue crystal the Doctor took, and they can ride a human spine to get it.
12	Main Show	Robot (1)	ok		1080p Blu-ray		2026-09-15	720x576 29.97fps AC-3			A newly regenerated Doctor is barely on his feet when UNIT is called to a theft of top secret plans. A research institute has built a robot with a conscience, and the people using it have a list of demands.
12	Main Show	Robot (2)	ok		1080p Blu-ray		2026-09-15	720x576 29.97fps AC-3			A newly regenerated Doctor is barely on his feet when UNIT is called to a theft of top secret plans. A research institute has built a robot with a conscience, and the people using it have a list of demands.
12	Main Show	Robot (3)	ok		1080p Blu-ray		2026-09-15	720x576 29.97fps AC-3			A newly regenerated Doctor is barely on his feet when UNIT is called to a theft of top secret plans. A research institute has built a robot with a conscience, and the people using it have a list of demands.
12	Main Show	Robot (4)	ok		1080p Blu-ray		2026-09-15	720x576 29.97fps AC-3			A newly regenerated Doctor is barely on his feet when UNIT is called to a theft of top secret plans. A research institute has built a robot with a conscience, and the people using it have a list of demands.
12	Main Show	The Ark in Space (1)	ok		1080p Blu-ray		2026-09-15	720x576 25fps AC-3			Thousands of years on, the last of humanity sleeps in a space station waiting for the Earth to recover. Something crawled aboard before the doors closed, and it has been laying its eggs in the sleepers.
12	Main Show	The Ark in Space (2)	ok		1080p Blu-ray		2026-09-15	720x576 25fps AC-3			Thousands of years on, the last of humanity sleeps in a space station waiting for the Earth to recover. Something crawled aboard before the doors closed, and it has been laying its eggs in the sleepers.
12	Main Show	The Ark in Space (3)	ok		1080p Blu-ray		2026-09-15	720x576 25fps AC-3			Thousands of years on, the last of humanity sleeps in a space station waiting for the Earth to recover. Something crawled aboard before the doors closed, and it has been laying its eggs in the sleepers.
12	Main Show	The Ark in Space (4)	ok		1080p Blu-ray		2026-09-15	720x576 25fps AC-3			Thousands of years on, the last of humanity sleeps in a space station waiting for the Earth to recover. Something crawled aboard before the doors closed, and it has been laying its eggs in the sleepers.
12	Main Show	The Sontaran Experiment (1)	ok		1080p Blu-ray		2026-09-15	720x576 29.97fps AC-3			On an abandoned Earth, a handful of survey astronauts are being taken one at a time and nobody knows by what. A Sontaran has landed to test how much punishment a human body will take before the invasion.
12	Main Show	The Sontaran Experiment (2)	ok		1080p Blu-ray		2026-09-15	720x576 29.97fps AC-3			On an abandoned Earth, a handful of survey astronauts are being taken one at a time and nobody knows by what. A Sontaran has landed to test how much punishment a human body will take before the invasion.
12	Main Show	Genesis of the Daleks (1)	ok		1080p Blu-ray		2026-09-15	720x576 25fps AC-3			The Time Lords divert the Doctor to Skaro at the moment the Daleks are being created, and ask him to stop it. Davros is close to finishing, and the Doctor has to decide whether he has the right.
12	Main Show	Genesis of the Daleks (2)	ok		1080p Blu-ray		2026-09-15	720x576 25fps AC-3			The Time Lords divert the Doctor to Skaro at the moment the Daleks are being created, and ask him to stop it. Davros is close to finishing, and the Doctor has to decide whether he has the right.
12	Main Show	Genesis of the Daleks (3)	ok		1080p Blu-ray		2026-09-15	720x576 25fps AC-3			The Time Lords divert the Doctor to Skaro at the moment the Daleks are being created, and ask him to stop it. Davros is close to finishing, and the Doctor has to decide whether he has the right.
12	Main Show	Genesis of the Daleks (4)	ok		1080p Blu-ray		2026-09-15	720x576 25fps AC-3			The Time Lords divert the Doctor to Skaro at the moment the Daleks are being created, and ask him to stop it. Davros is close to finishing, and the Doctor has to decide whether he has the right.
12	Main Show	Genesis of the Daleks (5)	ok		1080p Blu-ray		2026-09-15	720x576 25fps AC-3			The Time Lords divert the Doctor to Skaro at the moment the Daleks are being created, and ask him to stop it. Davros is close to finishing, and the Doctor has to decide whether he has the right.
12	Main Show	Genesis of the Daleks (6)	ok		1080p Blu-ray		2026-09-15	720x576 25fps AC-3			The Time Lords divert the Doctor to Skaro at the moment the Daleks are being created, and ask him to stop it. Davros is close to finishing, and the Doctor has to decide whether he has the right.
12	Main Show	Revenge of the Cybermen (1)	ok		1080p Blu-ray		2026-09-15	720x576 29.97fps AC-3			A plague has emptied a transit station near Jupiter and left a handful of crew waiting for relief. The Cybermen mean to use it to destroy Voga, the planet of gold that nearly finished them.
12	Main Show	Revenge of the Cybermen (2)	ok		1080p Blu-ray		2026-09-15	720x576 29.97fps AC-3			A plague has emptied a transit station near Jupiter and left a handful of crew waiting for relief. The Cybermen mean to use it to destroy Voga, the planet of gold that nearly finished them.
12	Main Show	Revenge of the Cybermen (3)	ok		1080p Blu-ray		2026-09-15	720x576 29.97fps AC-3			A plague has emptied a transit station near Jupiter and left a handful of crew waiting for relief. The Cybermen mean to use it to destroy Voga, the planet of gold that nearly finished them.
12	Main Show	Revenge of the Cybermen (4)	ok		1080p Blu-ray		2026-09-15	720x576 29.97fps AC-3			A plague has emptied a transit station near Jupiter and left a handful of crew waiting for relief. The Cybermen mean to use it to destroy Voga, the planet of gold that nearly finished them.
13	Main Show	Terror of the Zygons (1)	ok		1080p Blu-ray upscale		2026-09-15	720x576 50fps AC-3			Oil rigs are being destroyed in the North Sea and the village nearby has more secrets than survivors. A crashed Zygon ship has been under the loch for centuries, and its crew can wear anybody's face.
13	Main Show	Terror of the Zygons (2)	ok		1080p Blu-ray upscale		2026-09-15	720x576 50fps AC-3			Oil rigs are being destroyed in the North Sea and the village nearby has more secrets than survivors. A crashed Zygon ship has been under the loch for centuries, and its crew can wear anybody's face.
13	Main Show	Terror of the Zygons (3)	ok		1080p Blu-ray upscale		2026-09-15	720x576 50fps AC-3			Oil rigs are being destroyed in the North Sea and the village nearby has more secrets than survivors. A crashed Zygon ship has been under the loch for centuries, and its crew can wear anybody's face.
13	Main Show	Terror of the Zygons (4)	ok		1080p Blu-ray upscale		2026-09-15	720x576 50fps AC-3			Oil rigs are being destroyed in the North Sea and the village nearby has more secrets than survivors. A crashed Zygon ship has been under the loch for centuries, and its crew can wear anybody's face.
13	Main Show	Planet of Evil (1)	ok		1080p Blu-ray upscale		2026-09-15	720x576 50fps AC-3			A survey expedition on the edge of the known universe has lost most of its crew to something that comes out of the dark. The antimatter they are carrying away belongs to the planet, and it wants it back.
13	Main Show	Planet of Evil (2)	ok		1080p Blu-ray upscale		2026-09-15	720x576 50fps AC-3			A survey expedition on the edge of the known universe has lost most of its crew to something that comes out of the dark. The antimatter they are carrying away belongs to the planet, and it wants it back.
13	Main Show	Planet of Evil (3)	ok		1080p Blu-ray upscale		2026-09-15	720x576 50fps AC-3			A survey expedition on the edge of the known universe has lost most of its crew to something that comes out of the dark. The antimatter they are carrying away belongs to the planet, and it wants it back.
13	Main Show	Planet of Evil (4)	ok		1080p Blu-ray upscale		2026-09-15	720x576 50fps AC-3			A survey expedition on the edge of the known universe has lost most of its crew to something that comes out of the dark. The antimatter they are carrying away belongs to the planet, and it wants it back.
13	Main Show	Pyramids of Mars (1)	ok		1080p Blu-ray upscale		2026-09-15	720x576 50fps AC-3			An Egyptologist returns from a dig in 1911 behaving like another man entirely, and mummies walk in the grounds of his priory. Sutekh has been held in a Martian tomb for millennia and is close to getting free.
13	Main Show	Pyramids of Mars (2)	ok		1080p Blu-ray upscale		2026-09-15	720x576 50fps AC-3			An Egyptologist returns from a dig in 1911 behaving like another man entirely, and mummies walk in the grounds of his priory. Sutekh has been held in a Martian tomb for millennia and is close to getting free.
13	Main Show	Pyramids of Mars (3)	ok		1080p Blu-ray upscale		2026-09-15	720x576 50fps AC-3			An Egyptologist returns from a dig in 1911 behaving like another man entirely, and mummies walk in the grounds of his priory. Sutekh has been held in a Martian tomb for millennia and is close to getting free.
13	Main Show	Pyramids of Mars (4)	ok		1080p Blu-ray upscale		2026-09-15	720x576 50fps AC-3			An Egyptologist returns from a dig in 1911 behaving like another man entirely, and mummies walk in the grounds of his priory. Sutekh has been held in a Martian tomb for millennia and is close to getting free.
13	Main Show	The Android Invasion (1)	ok		1080p Blu-ray upscale		2026-09-15	720x576 50fps AC-3			An English village goes through the same morning twice, its people friendly and blank and its telephone boxes empty. The Kraals have built a copy of the place to rehearse taking the real one.
13	Main Show	The Android Invasion (2)	ok		1080p Blu-ray upscale		2026-09-15	720x576 50fps AC-3			An English village goes through the same morning twice, its people friendly and blank and its telephone boxes empty. The Kraals have built a copy of the place to rehearse taking the real one.
13	Main Show	The Android Invasion (3)	ok		1080p Blu-ray upscale		2026-09-15	720x576 50fps AC-3			An English village goes through the same morning twice, its people friendly and blank and its telephone boxes empty. The Kraals have built a copy of the place to rehearse taking the real one.
13	Main Show	The Android Invasion (4)	ok		1080p Blu-ray upscale		2026-09-15	720x576 50fps AC-3			An English village goes through the same morning twice, its people friendly and blank and its telephone boxes empty. The Kraals have built a copy of the place to rehearse taking the real one.
13	Main Show	The Brain of Morbius (1)	ok		1080p Blu-ray upscale		2026-09-15	720x576 50fps AC-3			A surgeon on a storm-lashed planet builds bodies from the wrecks of passing ships. He is keeping the brain of an executed Time Lord alive on his bench, and it is impatient to be housed.
13	Main Show	The Brain of Morbius (2)	ok		1080p Blu-ray upscale		2026-09-15	720x576 50fps AC-3			A surgeon on a storm-lashed planet builds bodies from the wrecks of passing ships. He is keeping the brain of an executed Time Lord alive on his bench, and it is impatient to be housed.
13	Main Show	The Brain of Morbius (3)	ok		1080p Blu-ray upscale		2026-09-15	720x576 50fps AC-3			A surgeon on a storm-lashed planet builds bodies from the wrecks of passing ships. He is keeping the brain of an executed Time Lord alive on his bench, and it is impatient to be housed.
13	Main Show	The Brain of Morbius (4)	ok		1080p Blu-ray upscale		2026-09-15	720x576 50fps AC-3			A surgeon on a storm-lashed planet builds bodies from the wrecks of passing ships. He is keeping the brain of an executed Time Lord alive on his bench, and it is impatient to be housed.
13	Main Show	The Seeds of Doom (1)	ok		1080p Blu-ray upscale		2026-09-15	720x576 50fps AC-3			Two pods are dug out of the Antarctic ice and one of them takes hold of a man. A collector in England wants the other, and what grows from it can spread across a whole planet.
13	Main Show	The Seeds of Doom (2)	ok		1080p Blu-ray upscale		2026-09-15	720x576 50fps AC-3			Two pods are dug out of the Antarctic ice and one of them takes hold of a man. A collector in England wants the other, and what grows from it can spread across a whole planet.
13	Main Show	The Seeds of Doom (3)	ok		1080p Blu-ray upscale		2026-09-15	720x576 50fps AC-3			Two pods are dug out of the Antarctic ice and one of them takes hold of a man. A collector in England wants the other, and what grows from it can spread across a whole planet.
13	Main Show	The Seeds of Doom (4)	ok		1080p Blu-ray upscale		2026-09-15	720x576 50fps AC-3			Two pods are dug out of the Antarctic ice and one of them takes hold of a man. A collector in England wants the other, and what grows from it can spread across a whole planet.
13	Main Show	The Seeds of Doom (5)	ok		1080p Blu-ray upscale		2026-09-15	720x576 50fps AC-3			Two pods are dug out of the Antarctic ice and one of them takes hold of a man. A collector in England wants the other, and what grows from it can spread across a whole planet.
13	Main Show	The Seeds of Doom (6)	ok		1080p Blu-ray upscale		2026-09-15	720x576 50fps AC-3			Two pods are dug out of the Antarctic ice and one of them takes hold of a man. A collector in England wants the other, and what grows from it can spread across a whole planet.
14	Main Show	The Masque of Mandragora (1)	ok		1080p Blu-ray upscale		2026-09-15	720x576 25fps DTS			The TARDIS carries a fragment of the Mandragora Helix to fifteenth-century Italy, where a court astrologer is looking for signs. A duke has been murdered and the cult in the hills has been promised power.
14	Main Show	The Masque of Mandragora (2)	ok		1080p Blu-ray upscale		2026-09-15	720x576 25fps DTS			The TARDIS carries a fragment of the Mandragora Helix to fifteenth-century Italy, where a court astrologer is looking for signs. A duke has been murdered and the cult in the hills has been promised power.
14	Main Show	The Masque of Mandragora (3)	ok		1080p Blu-ray upscale		2026-09-15	720x576 25fps DTS			The TARDIS carries a fragment of the Mandragora Helix to fifteenth-century Italy, where a court astrologer is looking for signs. A duke has been murdered and the cult in the hills has been promised power.
14	Main Show	The Masque of Mandragora (4)	ok		1080p Blu-ray upscale		2026-09-15	720x576 50fps AC-3			The TARDIS carries a fragment of the Mandragora Helix to fifteenth-century Italy, where a court astrologer is looking for signs. A duke has been murdered and the cult in the hills has been promised power.
14	Main Show	The Hand of Fear (1)	ok		1080p Blu-ray upscale		2026-09-15	720x576 25fps DTS			A quarry blast uncovers a fossilised hand that draws on any energy near it and takes hold of Sarah Jane. The being it belongs to was executed long ago and intends to rebuild itself.
14	Main Show	The Hand of Fear (2)	ok		1080p Blu-ray upscale		2026-09-15	720x576 25fps DTS			A quarry blast uncovers a fossilised hand that draws on any energy near it and takes hold of Sarah Jane. The being it belongs to was executed long ago and intends to rebuild itself.
14	Main Show	The Hand of Fear (3)	ok		1080p Blu-ray upscale		2026-09-15	720x576 25fps DTS			A quarry blast uncovers a fossilised hand that draws on any energy near it and takes hold of Sarah Jane. The being it belongs to was executed long ago and intends to rebuild itself.
14	Main Show	The Hand of Fear (4)	ok		1080p Blu-ray upscale		2026-09-15	720x576 25fps DTS			A quarry blast uncovers a fossilised hand that draws on any energy near it and takes hold of Sarah Jane. The being it belongs to was executed long ago and intends to rebuild itself.
14	Main Show	The Deadly Assassin (1)	ok		1080p Blu-ray upscale		2026-09-15	720x576 25fps AC-3			Called back to Gallifrey by a vision of the President's murder, the Doctor arrives in time to be blamed for it. The Master is dying, hidden in the Capitol, and he wants what the Time Lords have kept.
14	Main Show	The Deadly Assassin (2)	ok		1080p Blu-ray upscale		2026-09-15	720x576 25fps AC-3			Called back to Gallifrey by a vision of the President's murder, the Doctor arrives in time to be blamed for it. The Master is dying, hidden in the Capitol, and he wants what the Time Lords have kept.
14	Main Show	The Deadly Assassin (3)	ok		1080p Blu-ray upscale		2026-09-15	720x576 25fps AC-3			Called back to Gallifrey by a vision of the President's murder, the Doctor arrives in time to be blamed for it. The Master is dying, hidden in the Capitol, and he wants what the Time Lords have kept.
14	Main Show	The Deadly Assassin (4)	ok		1080p Blu-ray upscale		2026-09-15	720x576 25fps AC-3			Called back to Gallifrey by a vision of the President's murder, the Doctor arrives in time to be blamed for it. The Master is dying, hidden in the Capitol, and he wants what the Time Lords have kept.
14	Main Show	The Face of Evil (1)	ok		1080p Blu-ray upscale		2026-09-15	720x576 25fps DTS			A jungle tribe fights a people who live behind a wall, and both remember an Evil One with the Doctor's face. He has been here before and left something behind that has been getting worse ever since.
14	Main Show	The Face of Evil (2)	ok		1080p Blu-ray upscale		2026-09-15	720x576 25fps DTS			A jungle tribe fights a people who live behind a wall, and both remember an Evil One with the Doctor's face. He has been here before and left something behind that has been getting worse ever since.
14	Main Show	The Face of Evil (3)	ok		1080p Blu-ray upscale		2026-09-15	720x576 25fps DTS			A jungle tribe fights a people who live behind a wall, and both remember an Evil One with the Doctor's face. He has been here before and left something behind that has been getting worse ever since.
14	Main Show	The Face of Evil (4)	ok		1080p Blu-ray upscale		2026-09-15	720x576 25fps DTS			A jungle tribe fights a people who live behind a wall, and both remember an Evil One with the Doctor's face. He has been here before and left something behind that has been getting worse ever since.
14	Main Show	The Robots of Death (1)	ok		1080p Blu-ray upscale		2026-09-15	720x576 25fps DTS			A mining crawler works the sand dunes with a small human crew and a great many obedient robots. The crew are being killed one by one, and robots are supposed to be incapable of it.
14	Main Show	The Robots of Death (2)	ok		1080p Blu-ray upscale		2026-09-15	720x576 25fps DTS			A mining crawler works the sand dunes with a small human crew and a great many obedient robots. The crew are being killed one by one, and robots are supposed to be incapable of it.
14	Main Show	The Robots of Death (3)	ok		1080p Blu-ray upscale		2026-09-15	720x576 25fps DTS			A mining crawler works the sand dunes with a small human crew and a great many obedient robots. The crew are being killed one by one, and robots are supposed to be incapable of it.
14	Main Show	The Robots of Death (4)	ok		1080p Blu-ray upscale		2026-09-15	720x576 25fps DTS			A mining crawler works the sand dunes with a small human crew and a great many obedient robots. The crew are being killed one by one, and robots are supposed to be incapable of it.
14	Main Show	The Talons of Weng-Chiang (1)	ok		1080p Blu-ray upscale		2026-09-15	720x576 25fps DTS			Women are disappearing from Victorian London and a theatre magician's act draws crowds while the police get nowhere. What hides in the sewers and what hides in the cellar are working for the same man.
14	Main Show	The Talons of Weng-Chiang (2)	ok		1080p Blu-ray upscale		2026-09-15	720x576 25fps DTS			Women are disappearing from Victorian London and a theatre magician's act draws crowds while the police get nowhere. What hides in the sewers and what hides in the cellar are working for the same man.
14	Main Show	The Talons of Weng-Chiang (3)	ok		1080p Blu-ray upscale		2026-09-15	720x576 25fps DTS			Women are disappearing from Victorian London and a theatre magician's act draws crowds while the police get nowhere. What hides in the sewers and what hides in the cellar are working for the same man.
14	Main Show	The Talons of Weng-Chiang (4)	ok		1080p Blu-ray upscale		2026-09-15	720x576 25fps DTS			Women are disappearing from Victorian London and a theatre magician's act draws crowds while the police get nowhere. What hides in the sewers and what hides in the cellar are working for the same man.
14	Main Show	The Talons of Weng-Chiang (5)	ok		1080p Blu-ray upscale		2026-09-15	720x576 25fps DTS			Women are disappearing from Victorian London and a theatre magician's act draws crowds while the police get nowhere. What hides in the sewers and what hides in the cellar are working for the same man.
14	Main Show	The Talons of Weng-Chiang (6)	ok		1080p Blu-ray upscale		2026-09-15	720x576 25fps DTS			Women are disappearing from Victorian London and a theatre magician's act draws crowds while the police get nowhere. What hides in the sewers and what hides in the cellar are working for the same man.
15	Main Show	Horror of Fang Rock (1)	ok		1080p Blu-ray upscale		2026-09-15	720x576 50fps AC-3			A lighthouse crew on a fogbound rock loses its lamp and then its men, and a ship runs aground nearby. Something came out of the sea with the survivors and is already inside the tower.
15	Main Show	Horror of Fang Rock (2)	ok		1080p Blu-ray upscale		2026-09-15	720x576 50fps AC-3			A lighthouse crew on a fogbound rock loses its lamp and then its men, and a ship runs aground nearby. Something came out of the sea with the survivors and is already inside the tower.
15	Main Show	Horror of Fang Rock (3)	ok		1080p Blu-ray upscale		2026-09-15	720x576 50fps AC-3			A lighthouse crew on a fogbound rock loses its lamp and then its men, and a ship runs aground nearby. Something came out of the sea with the survivors and is already inside the tower.
15	Main Show	Horror of Fang Rock (4)	ok		1080p Blu-ray upscale		2026-09-15	720x576 50fps AC-3			A lighthouse crew on a fogbound rock loses its lamp and then its men, and a ship runs aground nearby. Something came out of the sea with the survivors and is already inside the tower.
15	Main Show	The Invisible Enemy (1)	ok		1080p Blu-ray upscale		2026-09-15	720x576 50fps AC-3			A virus takes hold of the crew of a shuttle and then of a hospital asteroid, spreading through anyone it touches. To find it the Doctor and Leela are cloned and sent inside his own body.
15	Main Show	The Invisible Enemy (2)	ok		1080p Blu-ray upscale		2026-09-15	720x576 50fps AC-3			A virus takes hold of the crew of a shuttle and then of a hospital asteroid, spreading through anyone it touches. To find it the Doctor and Leela are cloned and sent inside his own body.
15	Main Show	The Invisible Enemy (3)	ok		1080p Blu-ray upscale		2026-09-15	720x576 50fps AC-3			A virus takes hold of the crew of a shuttle and then of a hospital asteroid, spreading through anyone it touches. To find it the Doctor and Leela are cloned and sent inside his own body.
15	Main Show	The Invisible Enemy (4)	ok		1080p Blu-ray upscale		2026-09-15	720x576 50fps AC-3			A virus takes hold of the crew of a shuttle and then of a hospital asteroid, spreading through anyone it touches. To find it the Doctor and Leela are cloned and sent inside his own body.
15	Main Show	Image of the Fendahl (1)	ok		1080p Blu-ray upscale		2026-09-15	720x576 50fps AC-3			A skull twelve million years old is being studied in an English priory, and the coven nearby has been waiting for it. The thing it belongs to feeds on death and has been part of human superstition all along.
15	Main Show	Image of the Fendahl (2)	ok		1080p Blu-ray upscale		2026-09-15	720x576 50fps AC-3			A skull twelve million years old is being studied in an English priory, and the coven nearby has been waiting for it. The thing it belongs to feeds on death and has been part of human superstition all along.
15	Main Show	Image of the Fendahl (3)	ok		1080p Blu-ray upscale		2026-09-15	720x576 50fps AC-3			A skull twelve million years old is being studied in an English priory, and the coven nearby has been waiting for it. The thing it belongs to feeds on death and has been part of human superstition all along.
15	Main Show	Image of the Fendahl (4)	ok		1080p Blu-ray upscale		2026-09-15	720x576 50fps AC-3			A skull twelve million years old is being studied in an English priory, and the coven nearby has been waiting for it. The thing it belongs to feeds on death and has been part of human superstition all along.
15	Main Show	The Sun Makers (1)	ok		1080p Blu-ray upscale		2026-09-15	720x576 50fps AC-3			On Pluto, six artificial suns keep a workforce alive and a company keeps them in debt they can never clear. The Doctor arrives as the taxes rise again and the workers have stopped being able to pay.
15	Main Show	The Sun Makers (2)	ok		1080p Blu-ray upscale		2026-09-15	720x576 50fps AC-3			On Pluto, six artificial suns keep a workforce alive and a company keeps them in debt they can never clear. The Doctor arrives as the taxes rise again and the workers have stopped being able to pay.
15	Main Show	The Sun Makers (3)	ok		1080p Blu-ray upscale		2026-09-15	720x576 50fps AC-3			On Pluto, six artificial suns keep a workforce alive and a company keeps them in debt they can never clear. The Doctor arrives as the taxes rise again and the workers have stopped being able to pay.
15	Main Show	The Sun Makers (4)	ok		1080p Blu-ray upscale		2026-09-15	720x576 50fps AC-3			On Pluto, six artificial suns keep a workforce alive and a company keeps them in debt they can never clear. The Doctor arrives as the taxes rise again and the workers have stopped being able to pay.
15	Main Show	Underworld (1)	ok		1080p Blu-ray upscale		2026-09-15	720x576 50fps AC-3			A Minyan ship has spent a hundred thousand years searching for a lost vessel and its race banks. The Doctor finds it at the edge of the galaxy, buried inside a planet that formed around it.
15	Main Show	Underworld (2)	ok		1080p Blu-ray upscale		2026-09-15	720x576 50fps AC-3			A Minyan ship has spent a hundred thousand years searching for a lost vessel and its race banks. The Doctor finds it at the edge of the galaxy, buried inside a planet that formed around it.
15	Main Show	Underworld (3)	ok		1080p Blu-ray upscale		2026-09-15	720x576 50fps AC-3			A Minyan ship has spent a hundred thousand years searching for a lost vessel and its race banks. The Doctor finds it at the edge of the galaxy, buried inside a planet that formed around it.
15	Main Show	Underworld (4)	ok		1080p Blu-ray upscale		2026-09-15	720x576 50fps AC-3			A Minyan ship has spent a hundred thousand years searching for a lost vessel and its race banks. The Doctor finds it at the edge of the galaxy, buried inside a planet that formed around it.
15	Main Show	The Invasion of Time (1)	ok		1080p Blu-ray upscale		2026-09-15	720x576 50fps AC-3			The Doctor returns to Gallifrey, claims the Presidency and starts handing his own people over to aliens nobody can see. Those closest to him cannot tell whether he has been taken or is playing a longer game.
15	Main Show	The Invasion of Time (2)	ok		1080p Blu-ray upscale		2026-09-15	720x576 50fps AC-3			The Doctor returns to Gallifrey, claims the Presidency and starts handing his own people over to aliens nobody can see. Those closest to him cannot tell whether he has been taken or is playing a longer game.
15	Main Show	The Invasion of Time (3)	ok		1080p Blu-ray upscale		2026-09-15	720x576 50fps AC-3			The Doctor returns to Gallifrey, claims the Presidency and starts handing his own people over to aliens nobody can see. Those closest to him cannot tell whether he has been taken or is playing a longer game.
15	Main Show	The Invasion of Time (4)	ok		1080p Blu-ray upscale		2026-09-15	720x576 50fps AC-3			The Doctor returns to Gallifrey, claims the Presidency and starts handing his own people over to aliens nobody can see. Those closest to him cannot tell whether he has been taken or is playing a longer game.
15	Main Show	The Invasion of Time (5)	ok		1080p Blu-ray upscale		2026-09-15	720x576 50fps AC-3			The Doctor returns to Gallifrey, claims the Presidency and starts handing his own people over to aliens nobody can see. Those closest to him cannot tell whether he has been taken or is playing a longer game.
15	Main Show	The Invasion of Time (6)	ok		1080p Blu-ray upscale		2026-09-15	720x576 50fps AC-3			The Doctor returns to Gallifrey, claims the Presidency and starts handing his own people over to aliens nobody can see. Those closest to him cannot tell whether he has been taken or is playing a longer game.
15	Minisode	The Final Battle	ok		1080p Blu-ray		2026-09-15				
16	Main Show	The Ribos Operation (1)	ok		576p DVD		2026-09-15	720x576 50fps AC-3			The White Guardian sets the Doctor to find the six segments of the Key to Time, scattered and disguised. The first is on Ribos, in the hands of con men selling a planet they do not own.
16	Main Show	The Ribos Operation (2)	ok		576p DVD		2026-09-15	720x576 50fps AC-3			The White Guardian sets the Doctor to find the six segments of the Key to Time, scattered and disguised. The first is on Ribos, in the hands of con men selling a planet they do not own.
16	Main Show	The Ribos Operation (3)	ok		576p DVD		2026-09-15	720x576 50fps AC-3			The White Guardian sets the Doctor to find the six segments of the Key to Time, scattered and disguised. The first is on Ribos, in the hands of con men selling a planet they do not own.
16	Main Show	The Ribos Operation (4)	ok		576p DVD		2026-09-15	720x576 50fps AC-3			The White Guardian sets the Doctor to find the six segments of the Key to Time, scattered and disguised. The first is on Ribos, in the hands of con men selling a planet they do not own.
16	Main Show	The Pirate Planet (1)	ok		576p DVD		2026-09-15	688x512 25fps MP3			A world appears around other worlds and strips them of everything, leaving its own people rich and its Captain raging. The second segment of the Key is somewhere in the wreckage of a planet that no longer exists.
16	Main Show	The Pirate Planet (2)	ok		576p DVD		2026-09-15	688x512 25fps MP3			A world appears around other worlds and strips them of everything, leaving its own people rich and its Captain raging. The second segment of the Key is somewhere in the wreckage of a planet that no longer exists.
16	Main Show	The Pirate Planet (3)	ok		576p DVD		2026-09-15	688x512 25fps MP3			A world appears around other worlds and strips them of everything, leaving its own people rich and its Captain raging. The second segment of the Key is somewhere in the wreckage of a planet that no longer exists.
16	Main Show	The Pirate Planet (4)	ok		576p DVD		2026-09-15	688x512 25fps MP3			A world appears around other worlds and strips them of everything, leaving its own people rich and its Captain raging. The second segment of the Key is somewhere in the wreckage of a planet that no longer exists.
16	Main Show	The Stones of Blood (1)	ok		576p DVD		2026-09-15	720x576 50fps AC-3			A stone circle in England is watched by a society that believes it still matters, and the stones do not stay where they are put. The third segment is here, and so is a criminal who has been hiding for four thousand years.
16	Main Show	The Stones of Blood (2)	ok		576p DVD		2026-09-15	720x576 50fps AC-3			A stone circle in England is watched by a society that believes it still matters, and the stones do not stay where they are put. The third segment is here, and so is a criminal who has been hiding for four thousand years.
16	Main Show	The Stones of Blood (3)	ok		576p DVD		2026-09-15	720x576 50fps AC-3			A stone circle in England is watched by a society that believes it still matters, and the stones do not stay where they are put. The third segment is here, and so is a criminal who has been hiding for four thousand years.
16	Main Show	The Stones of Blood (4)	ok		576p DVD		2026-09-15	720x576 50fps AC-3			A stone circle in England is watched by a society that believes it still matters, and the stones do not stay where they are put. The third segment is here, and so is a criminal who has been hiding for four thousand years.
16	Main Show	The Androids of Tara (1)	ok		576p DVD		2026-09-15	720x576 50fps AC-3			On a planet of duelling nobles the fourth segment is quickly found, and the trouble starts afterwards. The heir to the throne has been kidnapped before his coronation, and androids make very good substitutes.
16	Main Show	The Androids of Tara (2)	ok		576p DVD		2026-09-15	720x576 50fps AC-3			On a planet of duelling nobles the fourth segment is quickly found, and the trouble starts afterwards. The heir to the throne has been kidnapped before his coronation, and androids make very good substitutes.
16	Main Show	The Androids of Tara (3)	ok		576p DVD		2026-09-15	720x576 50fps AC-3			On a planet of duelling nobles the fourth segment is quickly found, and the trouble starts afterwards. The heir to the throne has been kidnapped before his coronation, and androids make very good substitutes.
16	Main Show	The Androids of Tara (4)	ok		576p DVD		2026-09-15	720x576 50fps AC-3			On a planet of duelling nobles the fourth segment is quickly found, and the trouble starts afterwards. The heir to the throne has been kidnapped before his coronation, and androids make very good substitutes.
16	Main Show	The Power of Kroll (1)	ok		576p DVD		2026-09-15	720x576 50fps AC-3			A methane refinery on a swamp moon is in dispute with the natives it has displaced, and the natives have a god. The fifth segment is somewhere in the marsh, and the god has begun to move.
16	Main Show	The Power of Kroll (2)	ok		576p DVD		2026-09-15	720x576 50fps AC-3			A methane refinery on a swamp moon is in dispute with the natives it has displaced, and the natives have a god. The fifth segment is somewhere in the marsh, and the god has begun to move.
16	Main Show	The Power of Kroll (3)	ok		576p DVD		2026-09-15	720x576 50fps AC-3			A methane refinery on a swamp moon is in dispute with the natives it has displaced, and the natives have a god. The fifth segment is somewhere in the marsh, and the god has begun to move.
16	Main Show	The Power of Kroll (4)	ok		576p DVD		2026-09-15	720x576 50fps AC-3			A methane refinery on a swamp moon is in dispute with the natives it has displaced, and the natives have a god. The fifth segment is somewhere in the marsh, and the god has begun to move.
16	Main Show	The Armageddon Factor (1)	ok		576p DVD		2026-09-15	720x576 50fps AC-3			Two planets have been at war so long that neither remembers peace, and one is running out of everything. The sixth segment is here, and the Black Guardian is close enough to take the whole Key.
16	Main Show	The Armageddon Factor (2)	ok		576p DVD		2026-09-15	720x576 50fps AC-3			Two planets have been at war so long that neither remembers peace, and one is running out of everything. The sixth segment is here, and the Black Guardian is close enough to take the whole Key.
16	Main Show	The Armageddon Factor (3)	ok		576p DVD		2026-09-15	720x576 50fps AC-3			Two planets have been at war so long that neither remembers peace, and one is running out of everything. The sixth segment is here, and the Black Guardian is close enough to take the whole Key.
16	Main Show	The Armageddon Factor (4)	ok		576p DVD		2026-09-15	720x576 50fps AC-3			Two planets have been at war so long that neither remembers peace, and one is running out of everything. The sixth segment is here, and the Black Guardian is close enough to take the whole Key.
16	Main Show	The Armageddon Factor (5)	ok		576p DVD		2026-09-15	720x576 50fps AC-3			Two planets have been at war so long that neither remembers peace, and one is running out of everything. The sixth segment is here, and the Black Guardian is close enough to take the whole Key.
16	Main Show	The Armageddon Factor (6)	ok		576p DVD		2026-09-15	720x576 50fps AC-3			Two planets have been at war so long that neither remembers peace, and one is running out of everything. The sixth segment is here, and the Black Guardian is close enough to take the whole Key.
17	Minisode	Risen	ok		1080p Blu-ray		2026-09-15				
17	Main Show	Destiny of the Daleks (1)	ok		1080p Blu-ray upscale		2026-09-15	720x576 25fps AAC			Back on Skaro the Daleks are excavating their old city with slave labour, looking for something buried. They are deadlocked in a war with the Movellans and need Davros to break the stalemate.
17	Main Show	Destiny of the Daleks (2)	ok		1080p Blu-ray upscale		2026-09-15	720x576 25fps AAC			Back on Skaro the Daleks are excavating their old city with slave labour, looking for something buried. They are deadlocked in a war with the Movellans and need Davros to break the stalemate.
17	Main Show	Destiny of the Daleks (3)	ok		1080p Blu-ray upscale		2026-09-15	720x576 25fps AAC			Back on Skaro the Daleks are excavating their old city with slave labour, looking for something buried. They are deadlocked in a war with the Movellans and need Davros to break the stalemate.
17	Main Show	Destiny of the Daleks (4)	ok		1080p Blu-ray upscale		2026-09-15	720x576 25fps AAC			Back on Skaro the Daleks are excavating their old city with slave labour, looking for something buried. They are deadlocked in a war with the Movellans and need Davros to break the stalemate.
17	Main Show	City of Death (1)	ok		1080p Blu-ray upscale		2026-09-15	720x576 50fps AAC			Paris in 1979 has a count selling art to fund an experiment, and six identical Mona Lisas in a cellar. A being splintered across time has been pushing humanity along for four hundred million years.
17	Main Show	City of Death (2)	ok		1080p Blu-ray upscale		2026-09-15	720x576 50fps AAC			Paris in 1979 has a count selling art to fund an experiment, and six identical Mona Lisas in a cellar. A being splintered across time has been pushing humanity along for four hundred million years.
17	Main Show	City of Death (3)	ok		1080p Blu-ray upscale		2026-09-15	720x576 50fps AAC			Paris in 1979 has a count selling art to fund an experiment, and six identical Mona Lisas in a cellar. A being splintered across time has been pushing humanity along for four hundred million years.
17	Main Show	City of Death (4)	ok		1080p Blu-ray upscale		2026-09-15	720x576 50fps AAC			Paris in 1979 has a count selling art to fund an experiment, and six identical Mona Lisas in a cellar. A being splintered across time has been pushing humanity along for four hundred million years.
17	Main Show	The Creature from the Pit (1)	ok		1080p Blu-ray upscale		2026-09-15	720x576 50fps AAC			A jungle planet exports nothing, imports metal by the shipload, and its ruler keeps a pit that nobody has ever climbed out of. What lives at the bottom of it is not remotely what the planet has been told it is.
17	Main Show	The Creature from the Pit (2)	ok		1080p Blu-ray upscale		2026-09-15	720x576 50fps AAC			A jungle planet exports nothing, imports metal by the shipload, and its ruler keeps a pit that nobody has ever climbed out of. What lives at the bottom of it is not remotely what the planet has been told it is.
17	Main Show	The Creature from the Pit (3)	ok		1080p Blu-ray upscale		2026-09-15	720x576 50fps AAC			A jungle planet exports nothing, imports metal by the shipload, and its ruler keeps a pit that nobody has ever climbed out of. What lives at the bottom of it is not remotely what the planet has been told it is.
17	Main Show	The Creature from the Pit (4)	ok		1080p Blu-ray upscale		2026-09-15	720x576 50fps AAC			A jungle planet exports nothing, imports metal by the shipload, and its ruler keeps a pit that nobody has ever climbed out of. What lives at the bottom of it is not remotely what the planet has been told it is.
17	Main Show	Nightmare of Eden (1)	ok		1080p Blu-ray upscale		2026-09-15	720x576 25fps AAC			Two ships collide in hyperspace and a machine aboard holds recordings of whole planets. Something has got out of the recordings, and someone aboard is running a drug that kills slowly.
17	Main Show	Nightmare of Eden (2)	ok		1080p Blu-ray upscale		2026-09-15	720x576 25fps AAC			Two ships collide in hyperspace and a machine aboard holds recordings of whole planets. Something has got out of the recordings, and someone aboard is running a drug that kills slowly.
17	Main Show	Nightmare of Eden (3)	ok		1080p Blu-ray upscale		2026-09-15	720x576 25fps AAC			Two ships collide in hyperspace and a machine aboard holds recordings of whole planets. Something has got out of the recordings, and someone aboard is running a drug that kills slowly.
17	Main Show	Nightmare of Eden (4)	ok		1080p Blu-ray upscale		2026-09-15	720x576 25fps AAC			Two ships collide in hyperspace and a machine aboard holds recordings of whole planets. Something has got out of the recordings, and someone aboard is running a drug that kills slowly.
17	Main Show	The Horns of Nimon (1)	ok		1080p Blu-ray upscale		2026-09-15	720x576 25fps AAC			A failing empire pays tribute in young people and metal to a creature in a labyrinth on Skonnos. The Nimon promises to restore the empire, and it is not the first world it has promised that to.
17	Main Show	The Horns of Nimon (2)	ok		1080p Blu-ray upscale		2026-09-15	720x576 25fps AAC			A failing empire pays tribute in young people and metal to a creature in a labyrinth on Skonnos. The Nimon promises to restore the empire, and it is not the first world it has promised that to.
17	Main Show	The Horns of Nimon (3)	ok		1080p Blu-ray upscale		2026-09-15	720x576 25fps AAC			A failing empire pays tribute in young people and metal to a creature in a labyrinth on Skonnos. The Nimon promises to restore the empire, and it is not the first world it has promised that to.
17	Main Show	The Horns of Nimon (4)	ok		1080p Blu-ray upscale		2026-09-15	720x576 25fps AAC			A failing empire pays tribute in young people and metal to a creature in a labyrinth on Skonnos. The Nimon promises to restore the empire, and it is not the first world it has promised that to.
17	Main Show	Shada (1)	ok		1080p Blu-ray upscale		2026-09-15	1080p 25fps AAC/DTS			A retired Time Lord living as a Cambridge professor has kept a book he should have returned centuries ago. A criminal wants it because it opens the prison planet the Time Lords have deliberately forgotten.
17	Main Show	Shada (2)	ok		1080p Blu-ray upscale		2026-09-15	1080p 25fps AAC/DTS			A retired Time Lord living as a Cambridge professor has kept a book he should have returned centuries ago. A criminal wants it because it opens the prison planet the Time Lords have deliberately forgotten.
17	Main Show	Shada (3)	ok		1080p Blu-ray upscale		2026-09-15	1080p 25fps AAC/DTS			A retired Time Lord living as a Cambridge professor has kept a book he should have returned centuries ago. A criminal wants it because it opens the prison planet the Time Lords have deliberately forgotten.
17	Main Show	Shada (4)	ok		1080p Blu-ray upscale		2026-09-15	1080p 25fps AAC/DTS			A retired Time Lord living as a Cambridge professor has kept a book he should have returned centuries ago. A criminal wants it because it opens the prison planet the Time Lords have deliberately forgotten.
17	Main Show	Shada (5)	ok		1080p Blu-ray upscale		2026-09-15	1080p 25fps AAC/DTS			A retired Time Lord living as a Cambridge professor has kept a book he should have returned centuries ago. A criminal wants it because it opens the prison planet the Time Lords have deliberately forgotten.
17	Main Show	Shada (6)	ok		1080p Blu-ray upscale		2026-09-15	1080p 25fps AAC/DTS			A retired Time Lord living as a Cambridge professor has kept a book he should have returned centuries ago. A criminal wants it because it opens the prison planet the Time Lords have deliberately forgotten.
18	Main Show	The Leisure Hive (1)	ok		1080p Blu-ray upscale		2026-09-15	720x576 25fps AAC			Argolis was ruined in a twenty-minute war and survives on a resort promising rejuvenation. A death in the machinery brings in investors and creditors, and the Foamasi are circling.
18	Main Show	The Leisure Hive (2)	ok		1080p Blu-ray upscale		2026-09-15	720x576 25fps AAC			Argolis was ruined in a twenty-minute war and survives on a resort promising rejuvenation. A death in the machinery brings in investors and creditors, and the Foamasi are circling.
18	Main Show	The Leisure Hive (3)	ok		1080p Blu-ray upscale		2026-09-15	720x576 25fps AAC			Argolis was ruined in a twenty-minute war and survives on a resort promising rejuvenation. A death in the machinery brings in investors and creditors, and the Foamasi are circling.
18	Main Show	The Leisure Hive (4)	ok		1080p Blu-ray upscale		2026-09-15	720x576 25fps AAC			Argolis was ruined in a twenty-minute war and survives on a resort promising rejuvenation. A death in the machinery brings in investors and creditors, and the Foamasi are circling.
18	Main Show	Meglos (1)	ok		1080p Blu-ray upscale		2026-09-15	720x576 25fps AAC			A cactus with a grudge takes the Doctor's form to steal a stone the people of Tigella depend on for power. The planet is split between those who worship it and those who want it studied.
18	Main Show	Meglos (2)	ok		1080p Blu-ray upscale		2026-09-15	720x576 25fps AAC			A cactus with a grudge takes the Doctor's form to steal a stone the people of Tigella depend on for power. The planet is split between those who worship it and those who want it studied.
18	Main Show	Meglos (3)	ok		1080p Blu-ray upscale		2026-09-15	720x576 25fps AAC			A cactus with a grudge takes the Doctor's form to steal a stone the people of Tigella depend on for power. The planet is split between those who worship it and those who want it studied.
18	Main Show	Meglos (4)	ok		1080p Blu-ray upscale		2026-09-15	720x576 25fps AAC			A cactus with a grudge takes the Doctor's form to steal a stone the people of Tigella depend on for power. The planet is split between those who worship it and those who want it studied.
18	Main Show	Full Circle (1)	ok		1080p Blu-ray upscale		2026-09-15	720x576 25fps AAC			The TARDIS falls through a gap into another universe and lands on Alzarius as the mistfall comes. The colonists have been waiting generations to repair their ship, and something in the marsh is waking.
18	Main Show	Full Circle (2)	ok		1080p Blu-ray upscale		2026-09-15	720x576 25fps AAC			The TARDIS falls through a gap into another universe and lands on Alzarius as the mistfall comes. The colonists have been waiting generations to repair their ship, and something in the marsh is waking.
18	Main Show	Full Circle (3)	ok		1080p Blu-ray upscale		2026-09-15	720x576 25fps AAC			The TARDIS falls through a gap into another universe and lands on Alzarius as the mistfall comes. The colonists have been waiting generations to repair their ship, and something in the marsh is waking.
18	Main Show	Full Circle (4)	ok		1080p Blu-ray upscale		2026-09-15	720x576 25fps AAC			The TARDIS falls through a gap into another universe and lands on Alzarius as the mistfall comes. The colonists have been waiting generations to repair their ship, and something in the marsh is waking.
18	Main Show	State of Decay (1)	ok		1080p Blu-ray upscale		2026-09-15	720x576 25fps AAC			A village lives in fear on a world where reading is punished and three rulers in a tower demand a tribute of blood. Beneath the tower something far older than the rulers is beginning to stir.
18	Main Show	State of Decay (2)	ok		1080p Blu-ray upscale		2026-09-15	720x576 25fps AAC			A village lives in fear on a world where reading is punished and three rulers in a tower demand a tribute of blood. Beneath the tower something far older than the rulers is beginning to stir.
18	Main Show	State of Decay (3)	ok		1080p Blu-ray upscale		2026-09-15	720x576 25fps AAC			A village lives in fear on a world where reading is punished and three rulers in a tower demand a tribute of blood. Beneath the tower something far older than the rulers is beginning to stir.
18	Main Show	State of Decay (4)	ok		1080p Blu-ray upscale		2026-09-15	720x576 25fps AAC			A village lives in fear on a world where reading is punished and three rulers in a tower demand a tribute of blood. Beneath the tower something far older than the rulers is beginning to stir.
18	Main Show	Warriors' Gate (1)	ok		1080p Blu-ray upscale		2026-09-15	720x576 25fps AAC			A ship carrying enslaved time-sensitive Tharils is stranded in a white void with a gateway at its centre. The void is shrinking, and the way out depends on the creatures the crew have in chains.
18	Main Show	Warriors' Gate (2)	ok		1080p Blu-ray upscale		2026-09-15	720x576 25fps AAC			A ship carrying enslaved time-sensitive Tharils is stranded in a white void with a gateway at its centre. The void is shrinking, and the way out depends on the creatures the crew have in chains.
18	Main Show	Warriors' Gate (3)	ok		1080p Blu-ray upscale		2026-09-15	720x576 25fps AAC			A ship carrying enslaved time-sensitive Tharils is stranded in a white void with a gateway at its centre. The void is shrinking, and the way out depends on the creatures the crew have in chains.
18	Main Show	Warriors' Gate (4)	ok		1080p Blu-ray upscale		2026-09-15	720x576 25fps AAC			A ship carrying enslaved time-sensitive Tharils is stranded in a white void with a gateway at its centre. The void is shrinking, and the way out depends on the creatures the crew have in chains.
18	Main Show	The Keeper of Traken (1)	ok		1080p Blu-ray upscale		2026-09-15	720x576 25fps AAC			The Keeper of a peaceful union is dying and asks the Doctor for help before the succession. A statue in the grove has been sitting there for centuries, and it is not a statue.
18	Main Show	The Keeper of Traken (2)	ok		1080p Blu-ray upscale		2026-09-15	720x576 25fps AAC			The Keeper of a peaceful union is dying and asks the Doctor for help before the succession. A statue in the grove has been sitting there for centuries, and it is not a statue.
18	Main Show	The Keeper of Traken (3)	ok		1080p Blu-ray upscale		2026-09-15	720x576 25fps AAC			The Keeper of a peaceful union is dying and asks the Doctor for help before the succession. A statue in the grove has been sitting there for centuries, and it is not a statue.
18	Main Show	The Keeper of Traken (4)	ok		1080p Blu-ray upscale		2026-09-15	720x576 25fps AAC			The Keeper of a peaceful union is dying and asks the Doctor for help before the succession. A statue in the grove has been sitting there for centuries, and it is not a statue.
18	Main Show	Logopolis (1)	ok		1080p Blu-ray upscale		2026-09-15	720x576 25fps AAC			A city of mathematicians holds the universe together by reciting numbers, and the Doctor has come for a repair. The Master interrupts the calculation, and entropy starts taking the cosmos apart.
18	Main Show	Logopolis (2)	ok		1080p Blu-ray upscale		2026-09-15	720x576 25fps AAC			A city of mathematicians holds the universe together by reciting numbers, and the Doctor has come for a repair. The Master interrupts the calculation, and entropy starts taking the cosmos apart.
18	Main Show	Logopolis (3)	ok		1080p Blu-ray upscale		2026-09-15	720x576 25fps AAC			A city of mathematicians holds the universe together by reciting numbers, and the Doctor has come for a repair. The Master interrupts the calculation, and entropy starts taking the cosmos apart.
18	Main Show	Logopolis (4)	ok		1080p Blu-ray upscale		2026-09-15	720x576 25fps AAC			A city of mathematicians holds the universe together by reciting numbers, and the Doctor has come for a repair. The Master interrupts the calculation, and entropy starts taking the cosmos apart.
18	Special	K9 & Company: A Girl's Best Friend	ok		1080p Blu-ray upscale		2026-09-15				Sarah Jane Smith arrives in a Gloucestershire village for Christmas to find her aunt missing and the locals unwilling to discuss it. The robot dog the Doctor left behind for her turns out to be the only help she has.
19	Main Show	Castrovalva (1)	ok		1080p Blu-ray upscale		2026-09-15	720x576 25fps AAC			A newly regenerated Doctor is barely conscious and his companions carry him to a quiet town to recover. Castrovalva is peaceful, beautifully proportioned and impossible to leave.
19	Main Show	Castrovalva (2)	ok		1080p Blu-ray upscale		2026-09-15	720x576 25fps AAC			A newly regenerated Doctor is barely conscious and his companions carry him to a quiet town to recover. Castrovalva is peaceful, beautifully proportioned and impossible to leave.
19	Main Show	Castrovalva (3)	ok		1080p Blu-ray upscale		2026-09-15	720x576 25fps AAC			A newly regenerated Doctor is barely conscious and his companions carry him to a quiet town to recover. Castrovalva is peaceful, beautifully proportioned and impossible to leave.
19	Main Show	Castrovalva (4)	ok		1080p Blu-ray upscale		2026-09-15	720x576 25fps AAC			A newly regenerated Doctor is barely conscious and his companions carry him to a quiet town to recover. Castrovalva is peaceful, beautifully proportioned and impossible to leave.
19	Main Show	Four to Doomsday (1)	ok		1080p Blu-ray upscale		2026-09-15	720x576 25fps AAC			An alien ship bound for Earth carries three cultures taken from the past and kept as entertainment. Monarch has made the journey before and intends to arrive with more than passengers.
19	Main Show	Four to Doomsday (2)	ok		1080p Blu-ray upscale		2026-09-15	720x576 25fps AAC			An alien ship bound for Earth carries three cultures taken from the past and kept as entertainment. Monarch has made the journey before and intends to arrive with more than passengers.
19	Main Show	Four to Doomsday (3)	ok		1080p Blu-ray upscale		2026-09-15	720x576 25fps AAC			An alien ship bound for Earth carries three cultures taken from the past and kept as entertainment. Monarch has made the journey before and intends to arrive with more than passengers.
19	Main Show	Four to Doomsday (4)	ok		1080p Blu-ray upscale		2026-09-15	720x576 25fps AAC			An alien ship bound for Earth carries three cultures taken from the past and kept as entertainment. Monarch has made the journey before and intends to arrive with more than passengers.
19	Main Show	Kinda (1)	ok		1080p Blu-ray upscale		2026-09-15	720x576 25fps AAC			A survey team on Deva Loka is losing its members to the forest and the ones who return are not themselves. The Mara moves between minds through dreams, and Tegan has fallen asleep in the wrong place.
19	Main Show	Kinda (2)	ok		1080p Blu-ray upscale		2026-09-15	720x576 25fps AAC			A survey team on Deva Loka is losing its members to the forest and the ones who return are not themselves. The Mara moves between minds through dreams, and Tegan has fallen asleep in the wrong place.
19	Main Show	Kinda (3)	ok		1080p Blu-ray upscale		2026-09-15	720x576 25fps AAC			A survey team on Deva Loka is losing its members to the forest and the ones who return are not themselves. The Mara moves between minds through dreams, and Tegan has fallen asleep in the wrong place.
19	Main Show	Kinda (4)	ok		1080p Blu-ray upscale		2026-09-15	720x576 25fps AAC			A survey team on Deva Loka is losing its members to the forest and the ones who return are not themselves. The Mara moves between minds through dreams, and Tegan has fallen asleep in the wrong place.
19	Main Show	The Visitation (1)	ok		1080p Blu-ray upscale		2026-09-15	720x576 25fps AAC			A fireball over seventeenth-century England brings escaped prisoners and an android in the shape of Death. Their plan for the local population needs a city, and London is close.
19	Main Show	The Visitation (2)	ok		1080p Blu-ray upscale		2026-09-15	720x576 25fps AAC			A fireball over seventeenth-century England brings escaped prisoners and an android in the shape of Death. Their plan for the local population needs a city, and London is close.
19	Main Show	The Visitation (3)	ok		1080p Blu-ray upscale		2026-09-15	720x576 25fps AAC			A fireball over seventeenth-century England brings escaped prisoners and an android in the shape of Death. Their plan for the local population needs a city, and London is close.
19	Main Show	The Visitation (4)	ok		1080p Blu-ray upscale		2026-09-15	720x576 25fps AAC			A fireball over seventeenth-century England brings escaped prisoners and an android in the shape of Death. Their plan for the local population needs a city, and London is close.
19	Main Show	Black Orchid (1)	ok		1080p Blu-ray upscale		2026-09-15	720x576 25fps AAC			An invitation to a cricket match and a costume ball puts the Doctor among an English family with a locked wing. A body is found during the dancing, and the Doctor is the stranger nobody can vouch for.
19	Main Show	Black Orchid (2)	ok		1080p Blu-ray upscale		2026-09-15	720x576 25fps AAC			An invitation to a cricket match and a costume ball puts the Doctor among an English family with a locked wing. A body is found during the dancing, and the Doctor is the stranger nobody can vouch for.
19	Main Show	Earthshock (1)	ok		1080p Blu-ray upscale		2026-09-15	720x576 25fps AAC			Soldiers hunting a missing survey party in a cave system find androids guarding a bomb. The Cybermen have a freighter above and a plan that does not depend on the bomb working.
19	Main Show	Earthshock (2)	ok		1080p Blu-ray upscale		2026-09-15	720x576 25fps AAC			Soldiers hunting a missing survey party in a cave system find androids guarding a bomb. The Cybermen have a freighter above and a plan that does not depend on the bomb working.
19	Main Show	Earthshock (3)	ok		1080p Blu-ray upscale		2026-09-15	720x576 25fps AAC			Soldiers hunting a missing survey party in a cave system find androids guarding a bomb. The Cybermen have a freighter above and a plan that does not depend on the bomb working.
19	Main Show	Earthshock (4)	ok		1080p Blu-ray upscale		2026-09-15	720x576 25fps AAC			Soldiers hunting a missing survey party in a cave system find androids guarding a bomb. The Cybermen have a freighter above and a plan that does not depend on the bomb working.
19	Main Show	Time-Flight (1)	ok		1080p Blu-ray upscale		2026-09-15	720x576 25fps AAC			A Concorde vanishes on approach to Heathrow and reappears a hundred and forty million years earlier. Something on the Jurassic plain is using the passengers to open a door it cannot open alone.
19	Main Show	Time-Flight (2)	ok		1080p Blu-ray upscale		2026-09-15	720x576 25fps AAC			A Concorde vanishes on approach to Heathrow and reappears a hundred and forty million years earlier. Something on the Jurassic plain is using the passengers to open a door it cannot open alone.
19	Main Show	Time-Flight (3)	ok		1080p Blu-ray upscale		2026-09-15	720x576 25fps AAC			A Concorde vanishes on approach to Heathrow and reappears a hundred and forty million years earlier. Something on the Jurassic plain is using the passengers to open a door it cannot open alone.
19	Main Show	Time-Flight (4)	ok		1080p Blu-ray upscale		2026-09-15	720x576 25fps AAC			A Concorde vanishes on approach to Heathrow and reappears a hundred and forty million years earlier. Something on the Jurassic plain is using the passengers to open a door it cannot open alone.
20	Main Show	Arc of Infinity (1)	ok		1080p Blu-ray upscale		2026-09-15	704x528 25fps MP3			Something is using the Doctor's biodata to force its way into the universe, and Gallifrey orders him executed to stop it. Whoever arranged it is sitting on the High Council and is not finished.
20	Main Show	Arc of Infinity (2)	ok		1080p Blu-ray upscale		2026-09-15	704x528 25fps MP3			Something is using the Doctor's biodata to force its way into the universe, and Gallifrey orders him executed to stop it. Whoever arranged it is sitting on the High Council and is not finished.
20	Main Show	Arc of Infinity (3)	ok		1080p Blu-ray upscale		2026-09-15	704x528 25fps MP3			Something is using the Doctor's biodata to force its way into the universe, and Gallifrey orders him executed to stop it. Whoever arranged it is sitting on the High Council and is not finished.
20	Main Show	Arc of Infinity (4)	ok		1080p Blu-ray upscale		2026-09-15	704x528 25fps MP3			Something is using the Doctor's biodata to force its way into the universe, and Gallifrey orders him executed to stop it. Whoever arranged it is sitting on the High Council and is not finished.
20	Main Show	Snakedance (1)	ok		1080p Blu-ray upscale		2026-09-15	720x576 50fps AC-3			The Mara returns through Tegan on Manussa, where the old ceremony has become a tourist festival. Nobody in authority believes the legend, and the anniversary is days away.
20	Main Show	Snakedance (2)	ok		1080p Blu-ray upscale		2026-09-15	720x576 50fps AC-3			The Mara returns through Tegan on Manussa, where the old ceremony has become a tourist festival. Nobody in authority believes the legend, and the anniversary is days away.
20	Main Show	Snakedance (3)	ok		1080p Blu-ray upscale		2026-09-15	720x576 50fps AC-3			The Mara returns through Tegan on Manussa, where the old ceremony has become a tourist festival. Nobody in authority believes the legend, and the anniversary is days away.
20	Main Show	Snakedance (4)	ok		1080p Blu-ray upscale		2026-09-15	720x576 50fps AC-3			The Mara returns through Tegan on Manussa, where the old ceremony has become a tourist festival. Nobody in authority believes the legend, and the anniversary is days away.
20	Main Show	Mawdryn Undead (1)	ok		1080p Blu-ray upscale		2026-09-15	704x528 25fps MP3			A ship above Earth carries men who cannot die and want the Doctor's remaining regenerations to end it. Two versions of the Brigadier, six years apart, are about to meet each other.
20	Main Show	Mawdryn Undead (2)	ok		1080p Blu-ray upscale		2026-09-15	704x528 25fps MP3			A ship above Earth carries men who cannot die and want the Doctor's remaining regenerations to end it. Two versions of the Brigadier, six years apart, are about to meet each other.
20	Main Show	Mawdryn Undead (3)	ok		1080p Blu-ray upscale		2026-09-15	704x528 25fps MP3			A ship above Earth carries men who cannot die and want the Doctor's remaining regenerations to end it. Two versions of the Brigadier, six years apart, are about to meet each other.
20	Main Show	Mawdryn Undead (4)	ok		1080p Blu-ray upscale		2026-09-15	704x528 25fps MP3			A ship above Earth carries men who cannot die and want the Doctor's remaining regenerations to end it. Two versions of the Brigadier, six years apart, are about to meet each other.
20	Main Show	Terminus (1)	ok		1080p Blu-ray upscale		2026-09-15	720x576 50fps AC-3			A ship carrying the dying arrives at a station said to cure Lazar's disease, run by a company that does very little. At the centre of the universe sits an engine that once caused the Big Bang and is about to do it again.
20	Main Show	Terminus (2)	ok		1080p Blu-ray upscale		2026-09-15	720x576 50fps AC-3			A ship carrying the dying arrives at a station said to cure Lazar's disease, run by a company that does very little. At the centre of the universe sits an engine that once caused the Big Bang and is about to do it again.
20	Main Show	Terminus (3)	ok		1080p Blu-ray upscale		2026-09-15	720x576 50fps AC-3			A ship carrying the dying arrives at a station said to cure Lazar's disease, run by a company that does very little. At the centre of the universe sits an engine that once caused the Big Bang and is about to do it again.
20	Main Show	Terminus (4)	ok		1080p Blu-ray upscale		2026-09-15	720x576 50fps AC-3			A ship carrying the dying arrives at a station said to cure Lazar's disease, run by a company that does very little. At the centre of the universe sits an engine that once caused the Big Bang and is about to do it again.
20	Main Show	Enlightenment (1)	ok		1080p Blu-ray upscale		2026-09-15	960x540 50fps AAC			Sailing ships race through the solar system crewed by press-ganged humans who have lost track of time. The Eternals are playing for a prize the Black Guardian intends to have.
20	Main Show	Enlightenment (2)	ok		1080p Blu-ray upscale		2026-09-15	960x540 50fps AAC			Sailing ships race through the solar system crewed by press-ganged humans who have lost track of time. The Eternals are playing for a prize the Black Guardian intends to have.
20	Main Show	Enlightenment (3)	ok		1080p Blu-ray upscale		2026-09-15	960x540 50fps AAC			Sailing ships race through the solar system crewed by press-ganged humans who have lost track of time. The Eternals are playing for a prize the Black Guardian intends to have.
20	Main Show	Enlightenment (4)	ok		1080p Blu-ray upscale		2026-09-15	960x540 50fps AAC			Sailing ships race through the solar system crewed by press-ganged humans who have lost track of time. The Eternals are playing for a prize the Black Guardian intends to have.
20	Main Show	The King's Demons (1)	ok		1080p Blu-ray upscale		2026-09-15	720x576 50fps AC-3			King John's court welcomes the Doctor as a demon in 1215, and the king is unusually keen on taxes. Somebody is working to stop Magna Carta being signed, and the swordsman at court is not what he appears.
20	Main Show	The King's Demons (2)	ok		1080p Blu-ray upscale		2026-09-15	720x576 50fps AC-3			King John's court welcomes the Doctor as a demon in 1215, and the king is unusually keen on taxes. Somebody is working to stop Magna Carta being signed, and the swordsman at court is not what he appears.
20	Special	The Five Doctors	ok		1080p Blu-ray upscale		2026-09-15	704x528 25fps MP3			Something is lifting the Doctor's past selves out of their own timestreams and setting them down in the Death Zone on Gallifrey. The Tower of Rassilon stands at the centre of it, and somebody on the High Council arranged the game.
20	Minisode	The Passenger	ok		1080p Blu-ray		2026-09-15				
21	Main Show	Warriors of the Deep (1)	ok		1080p Blu-ray upscale		2026-09-15	704x528 25fps MP3			A sea base in 2084 holds one side's nuclear deterrent and a crew who cannot trust each other. The Silurians and the Sea Devils have come to take it and to end the surface war for good.
21	Main Show	Warriors of the Deep (2)	ok		1080p Blu-ray upscale		2026-09-15	704x528 25fps MP3			A sea base in 2084 holds one side's nuclear deterrent and a crew who cannot trust each other. The Silurians and the Sea Devils have come to take it and to end the surface war for good.
21	Main Show	Warriors of the Deep (3)	ok		1080p Blu-ray upscale		2026-09-15	704x528 25fps MP3			A sea base in 2084 holds one side's nuclear deterrent and a crew who cannot trust each other. The Silurians and the Sea Devils have come to take it and to end the surface war for good.
21	Main Show	Warriors of the Deep (4)	ok		1080p Blu-ray upscale		2026-09-15	704x528 25fps MP3			A sea base in 2084 holds one side's nuclear deterrent and a crew who cannot trust each other. The Silurians and the Sea Devils have come to take it and to end the surface war for good.
21	Main Show	The Awakening (1)	ok		1080p Blu-ray upscale		2026-09-15	720x576 50fps AC-3			An English village rehearses a civil war re-enactment that is becoming difficult to tell from the real thing. Something in the church wall feeds on the violence and has been waiting for it.
21	Main Show	The Awakening (2)	ok		1080p Blu-ray upscale		2026-09-15	720x576 50fps AC-3			An English village rehearses a civil war re-enactment that is becoming difficult to tell from the real thing. Something in the church wall feeds on the violence and has been waiting for it.
21	Main Show	Frontios (1)	ok		1080p Blu-ray upscale		2026-09-15	688x528 25fps MP3			A human colony at the end of the universe is bombarded by meteorites and its people are disappearing into the ground. The Doctor is not supposed to interfere in Earth's far future, and the TARDIS has been destroyed.
21	Main Show	Frontios (2)	ok		1080p Blu-ray upscale		2026-09-15	688x528 25fps MP3			A human colony at the end of the universe is bombarded by meteorites and its people are disappearing into the ground. The Doctor is not supposed to interfere in Earth's far future, and the TARDIS has been destroyed.
21	Main Show	Frontios (3)	ok		1080p Blu-ray upscale		2026-09-15	688x528 25fps MP3			A human colony at the end of the universe is bombarded by meteorites and its people are disappearing into the ground. The Doctor is not supposed to interfere in Earth's far future, and the TARDIS has been destroyed.
21	Main Show	Frontios (4)	ok		1080p Blu-ray upscale		2026-09-15	688x528 25fps MP3			A human colony at the end of the universe is bombarded by meteorites and its people are disappearing into the ground. The Doctor is not supposed to interfere in Earth's far future, and the TARDIS has been destroyed.
21	Main Show	Resurrection of the Daleks (1)	ok		1080p Blu-ray upscale		2026-09-15	704x528 25fps MP3			A prison ship holding Davros is boarded, and in London a warehouse hides a time corridor and a canister of virus. The Daleks need their creator back, and they have duplicates walking about already.
21	Main Show	Resurrection of the Daleks (2)	ok		1080p Blu-ray upscale		2026-09-15	704x528 25fps MP3			A prison ship holding Davros is boarded, and in London a warehouse hides a time corridor and a canister of virus. The Daleks need their creator back, and they have duplicates walking about already.
21	Main Show	Resurrection of the Daleks (3)	ok		1080p Blu-ray upscale		2026-09-15	704x528 25fps MP3			A prison ship holding Davros is boarded, and in London a warehouse hides a time corridor and a canister of virus. The Daleks need their creator back, and they have duplicates walking about already.
21	Main Show	Resurrection of the Daleks (4)	ok		1080p Blu-ray upscale		2026-09-15	704x528 25fps MP3			A prison ship holding Davros is boarded, and in London a warehouse hides a time corridor and a canister of virus. The Daleks need their creator back, and they have duplicates walking about already.
21	Main Show	Planet of Fire (1)	ok		1080p Blu-ray upscale		2026-09-15	960x540 50fps AAC			A distress beacon takes the TARDIS to a volcanic world where a cult reads the mountain for signs. The Master is here in reduced circumstances, looking for something that will put him right.
21	Main Show	Planet of Fire (2)	ok		1080p Blu-ray upscale		2026-09-15	960x540 50fps AAC			A distress beacon takes the TARDIS to a volcanic world where a cult reads the mountain for signs. The Master is here in reduced circumstances, looking for something that will put him right.
21	Main Show	Planet of Fire (3)	ok		1080p Blu-ray upscale		2026-09-15	960x540 50fps AAC			A distress beacon takes the TARDIS to a volcanic world where a cult reads the mountain for signs. The Master is here in reduced circumstances, looking for something that will put him right.
21	Main Show	Planet of Fire (4)	ok		1080p Blu-ray upscale		2026-09-15	960x540 50fps AAC			A distress beacon takes the TARDIS to a volcanic world where a cult reads the mountain for signs. The Master is here in reduced circumstances, looking for something that will put him right.
21	Main Show	The Caves of Androzani (1)	ok		1080p Blu-ray upscale		2026-09-15	704x528 25fps MP3			A visit to a mining world puts the Doctor and Peri in the middle of a gun-running war and a slow poison. The only cure is milk from a creature nobody has taken it from and survived.
21	Main Show	The Caves of Androzani (2)	ok		1080p Blu-ray upscale		2026-09-15	704x528 25fps MP3			A visit to a mining world puts the Doctor and Peri in the middle of a gun-running war and a slow poison. The only cure is milk from a creature nobody has taken it from and survived.
21	Main Show	The Caves of Androzani (3)	ok		1080p Blu-ray upscale		2026-09-15	704x528 25fps MP3			A visit to a mining world puts the Doctor and Peri in the middle of a gun-running war and a slow poison. The only cure is milk from a creature nobody has taken it from and survived.
21	Main Show	The Caves of Androzani (4)	ok		1080p Blu-ray upscale		2026-09-15	704x528 25fps MP3			A visit to a mining world puts the Doctor and Peri in the middle of a gun-running war and a slow poison. The only cure is milk from a creature nobody has taken it from and survived.
21	Main Show	The Twin Dilemma (1)	ok		1080p Blu-ray upscale		2026-09-15	720x576 50fps AC-3			An unstable new Doctor takes Peri to a quiet asteroid and finds a Time Lord living there in exile. Twin mathematicians have been kidnapped, and the calculations they are being made to do will move a planet.
21	Main Show	The Twin Dilemma (2)	ok		1080p Blu-ray upscale		2026-09-15	720x576 50fps AC-3			An unstable new Doctor takes Peri to a quiet asteroid and finds a Time Lord living there in exile. Twin mathematicians have been kidnapped, and the calculations they are being made to do will move a planet.
21	Main Show	The Twin Dilemma (3)	ok		1080p Blu-ray upscale		2026-09-15	720x576 50fps AC-3			An unstable new Doctor takes Peri to a quiet asteroid and finds a Time Lord living there in exile. Twin mathematicians have been kidnapped, and the calculations they are being made to do will move a planet.
21	Main Show	The Twin Dilemma (4)	ok		1080p Blu-ray upscale		2026-09-15	720x576 50fps AC-3			An unstable new Doctor takes Peri to a quiet asteroid and finds a Time Lord living there in exile. Twin mathematicians have been kidnapped, and the calculations they are being made to do will move a planet.
21	Minisode	Destination: Daleks	ok		1080p Blu-ray		2026-09-15				The Fifth Doctor and Tegan are pulled back into unfinished business with the Daleks some time after the events at the warehouse. Turlough is not far away, and none of them is as free of that day as they believed.
22	Main Show	Attack of the Cybermen (1)	ok		1080p Blu-ray upscale		2026-09-15	1080p 25fps AAC/DTS			A gang of London robbers are digging towards something in the sewers beneath Totters Lane, and their employer is not one of them. The Cybermen have a plan for Halley's Comet and an old score to settle on Telos.
22	Main Show	Attack of the Cybermen (2)	ok		1080p Blu-ray upscale		2026-09-15	1080p 25fps AAC/DTS			A gang of London robbers are digging towards something in the sewers beneath Totters Lane, and their employer is not one of them. The Cybermen have a plan for Halley's Comet and an old score to settle on Telos.
22	Main Show	Vengeance on Varos (1)	ok		1080p Blu-ray upscale		2026-09-15	1080p 25fps AAC			A planet sells recordings of its own executions to stay solvent, and the population votes on the governor's punishment. The Doctor needs a mineral that only Varos has, and the cameras are already running.
22	Main Show	Vengeance on Varos (2)	ok		1080p Blu-ray upscale		2026-09-15	1080p 25fps AAC			A planet sells recordings of its own executions to stay solvent, and the population votes on the governor's punishment. The Doctor needs a mineral that only Varos has, and the cameras are already running.
22	Main Show	The Mark of the Rani (1)	ok		1080p Blu-ray upscale		2026-09-15	1080p 25fps AAC			In a Northumbrian pit village the workers are turning violent and a bath house is doing unusual business. The Rani is harvesting something from human brains, and the Master has found her out.
22	Main Show	The Mark of the Rani (2)	ok		1080p Blu-ray upscale		2026-09-15	1080p 25fps AAC			In a Northumbrian pit village the workers are turning violent and a bath house is doing unusual business. The Rani is harvesting something from human brains, and the Master has found her out.
22	Main Show	The Two Doctors (1)	ok		1080p Blu-ray upscale		2026-09-15	1080p 25fps AAC			A space station experimenting with time travel goes quiet, and the Sontarans have taken what was aboard. A younger Doctor is being operated on in Seville, and the surgeon has an appetite.
22	Main Show	The Two Doctors (2)	ok		1080p Blu-ray upscale		2026-09-15	1080p 25fps AAC			A space station experimenting with time travel goes quiet, and the Sontarans have taken what was aboard. A younger Doctor is being operated on in Seville, and the surgeon has an appetite.
22	Main Show	The Two Doctors (3)	ok		1080p Blu-ray upscale		2026-09-15	1080p 25fps AAC			A space station experimenting with time travel goes quiet, and the Sontarans have taken what was aboard. A younger Doctor is being operated on in Seville, and the surgeon has an appetite.
22	Minisode	A Fix with Sontarans	ok		off-air copies only, no release		2026-09-15				Two Sontarans board the Sixth Doctor's TARDIS while he is working on the console, and a boy named Gareth arrives in the middle of it. The Doctor hands him a job to do, because there is nobody else aboard to do it.
22	Main Show	Timelash (1)	ok		1080p Blu-ray upscale		2026-09-15	1080p 25fps AAC			Karfel is ruled through a screen by a figure nobody has seen, and dissenters are thrown into a time corridor. At the other end of it is nineteenth-century Scotland and a young writer named Herbert.
22	Main Show	Timelash (2)	ok		1080p Blu-ray upscale		2026-09-15	1080p 25fps AAC			Karfel is ruled through a screen by a figure nobody has seen, and dissenters are thrown into a time corridor. At the other end of it is nineteenth-century Scotland and a young writer named Herbert.
22	Main Show	Revelation of the Daleks (1)	ok		1080p Blu-ray upscale		2026-09-15	1080p 25fps AAC/DTS			A funeral planet keeps the wealthy dead in suspension until medicine can revive them, and the food it exports is popular. The Great Healer has been using the bodies for something else entirely.
22	Main Show	Revelation of the Daleks (2)	ok		1080p Blu-ray upscale		2026-09-15	1080p 25fps AAC/DTS			A funeral planet keeps the wealthy dead in suspension until medicine can revive them, and the food it exports is popular. The Great Healer has been using the bodies for something else entirely.
22	Minisode	The Eternal Mystery	ok		1080p Blu-ray		2026-09-15				
23	Main Show	The Mysterious Planet (1)	ok		1080p Blu-ray upscale		2026-09-15	720x576 25fps AC-3			On trial before his own people, the Doctor is shown a world stripped of its technology where the survivors live underground. The evidence is being edited, and the planet is Earth.
23	Main Show	The Mysterious Planet (2)	ok		1080p Blu-ray upscale		2026-09-15	720x576 25fps AC-3			On trial before his own people, the Doctor is shown a world stripped of its technology where the survivors live underground. The evidence is being edited, and the planet is Earth.
23	Main Show	The Mysterious Planet (3)	ok		1080p Blu-ray upscale		2026-09-15	720x576 25fps AC-3			On trial before his own people, the Doctor is shown a world stripped of its technology where the survivors live underground. The evidence is being edited, and the planet is Earth.
23	Main Show	The Mysterious Planet (4)	ok		1080p Blu-ray upscale		2026-09-15	720x576 25fps AC-3			On trial before his own people, the Doctor is shown a world stripped of its technology where the survivors live underground. The evidence is being edited, and the planet is Earth.
23	Main Show	Mindwarp (1)	ok		1080p Blu-ray upscale		2026-09-15	720x576 25fps AC-3			The prosecution's next evidence puts the Doctor on Thoros Beta with Sil and a scientist transplanting brains. The Doctor's own behaviour in the recording is indefensible, and he cannot remember it.
23	Main Show	Mindwarp (2)	ok		1080p Blu-ray upscale		2026-09-15	720x576 25fps AC-3			The prosecution's next evidence puts the Doctor on Thoros Beta with Sil and a scientist transplanting brains. The Doctor's own behaviour in the recording is indefensible, and he cannot remember it.
23	Main Show	Mindwarp (3)	ok		1080p Blu-ray upscale		2026-09-15	720x576 25fps AC-3			The prosecution's next evidence puts the Doctor on Thoros Beta with Sil and a scientist transplanting brains. The Doctor's own behaviour in the recording is indefensible, and he cannot remember it.
23	Main Show	Mindwarp (4)	ok		1080p Blu-ray upscale		2026-09-15	720x576 25fps AC-3			The prosecution's next evidence puts the Doctor on Thoros Beta with Sil and a scientist transplanting brains. The Doctor's own behaviour in the recording is indefensible, and he cannot remember it.
23	Main Show	Terror of the Vervoids (1)	ok		1080p Blu-ray upscale		2026-09-15	720x576 25fps AC-3			For his defence the Doctor chooses a future case aboard a liner where passengers are being murdered. The plants in the hydroponics bay are close to a harvest of their own.
23	Main Show	Terror of the Vervoids (2)	ok		1080p Blu-ray upscale		2026-09-15	720x576 25fps AC-3			For his defence the Doctor chooses a future case aboard a liner where passengers are being murdered. The plants in the hydroponics bay are close to a harvest of their own.
23	Main Show	Terror of the Vervoids (3)	ok		1080p Blu-ray upscale		2026-09-15	720x576 25fps AC-3			For his defence the Doctor chooses a future case aboard a liner where passengers are being murdered. The plants in the hydroponics bay are close to a harvest of their own.
23	Main Show	Terror of the Vervoids (4)	ok		1080p Blu-ray upscale		2026-09-15	720x576 25fps AC-3			For his defence the Doctor chooses a future case aboard a liner where passengers are being murdered. The plants in the hydroponics bay are close to a harvest of their own.
23	Main Show	The Ultimate Foe (1)	ok		1080p Blu-ray upscale		2026-09-15	720x576 25fps AC-3			The trial turns on who has been editing the Matrix, and the Doctor's own prosecutor is not what he claims. The Valeyard has an interest in the verdict that goes beyond the case.
23	Main Show	The Ultimate Foe (2)	ok		1080p Blu-ray upscale		2026-09-15	720x576 25fps AC-3			The trial turns on who has been editing the Matrix, and the Doctor's own prosecutor is not what he claims. The Valeyard has an interest in the verdict that goes beyond the case.
24	Main Show	Time and the Rani (1)	ok		1080p Blu-ray upscale		2026-09-15	720x576 25fps AC-3			A crash landing costs the Doctor another regeneration and leaves the Rani in charge of a planet of geniuses. She is building something out of their minds and needs one more to finish it.
24	Main Show	Time and the Rani (2)	ok		1080p Blu-ray upscale		2026-09-15	720x576 25fps AC-3			A crash landing costs the Doctor another regeneration and leaves the Rani in charge of a planet of geniuses. She is building something out of their minds and needs one more to finish it.
24	Main Show	Time and the Rani (3)	ok		1080p Blu-ray upscale		2026-09-15	720x576 25fps AC-3			A crash landing costs the Doctor another regeneration and leaves the Rani in charge of a planet of geniuses. She is building something out of their minds and needs one more to finish it.
24	Main Show	Time and the Rani (4)	ok		1080p Blu-ray upscale		2026-09-15	720x576 25fps AC-3			A crash landing costs the Doctor another regeneration and leaves the Rani in charge of a planet of geniuses. She is building something out of their minds and needs one more to finish it.
24	Main Show	Paradise Towers (1)	ok		1080p Blu-ray upscale		2026-09-15	720x576 25fps AAC			A prizewinning tower block has gangs in the corridors, cannibals in the flats and cleaning robots that do more than clean. Everyone is waiting for the architect, and the pool on the roof is the only clean thing left.
24	Main Show	Paradise Towers (2)	ok		1080p Blu-ray upscale		2026-09-15	720x576 25fps AAC			A prizewinning tower block has gangs in the corridors, cannibals in the flats and cleaning robots that do more than clean. Everyone is waiting for the architect, and the pool on the roof is the only clean thing left.
24	Main Show	Paradise Towers (3)	ok		1080p Blu-ray upscale		2026-09-15	720x576 25fps AAC			A prizewinning tower block has gangs in the corridors, cannibals in the flats and cleaning robots that do more than clean. Everyone is waiting for the architect, and the pool on the roof is the only clean thing left.
24	Main Show	Paradise Towers (4)	ok		1080p Blu-ray upscale		2026-09-15	720x576 25fps AAC			A prizewinning tower block has gangs in the corridors, cannibals in the flats and cleaning robots that do more than clean. Everyone is waiting for the architect, and the pool on the roof is the only clean thing left.
24	Main Show	Delta and the Bannermen (1)	ok		1080p Blu-ray upscale		2026-09-15	720x576 25fps AC-3			A Welsh holiday camp in 1959 takes in a party of alien tourists and a queen carrying the last of her people. The Bannermen are hunting her and have no interest in who else is there.
24	Main Show	Delta and the Bannermen (2)	ok		1080p Blu-ray upscale		2026-09-15	720x576 25fps AC-3			A Welsh holiday camp in 1959 takes in a party of alien tourists and a queen carrying the last of her people. The Bannermen are hunting her and have no interest in who else is there.
24	Main Show	Delta and the Bannermen (3)	ok		1080p Blu-ray upscale		2026-09-15	720x576 25fps AC-3			A Welsh holiday camp in 1959 takes in a party of alien tourists and a queen carrying the last of her people. The Bannermen are hunting her and have no interest in who else is there.
24	Main Show	Dragonfire (1)	ok		1080p Blu-ray upscale		2026-09-15	720x576 25fps AC-3			An ice world's trading colony is run by a former Dalek associate, and a mercenary is looking for treasure in the tunnels. What guards it has been kept there a very long time.
24	Main Show	Dragonfire (2)	ok		1080p Blu-ray upscale		2026-09-15	720x576 25fps AC-3			An ice world's trading colony is run by a former Dalek associate, and a mercenary is looking for treasure in the tunnels. What guards it has been kept there a very long time.
24	Main Show	Dragonfire (3)	ok		1080p Blu-ray upscale		2026-09-15	720x576 25fps AC-3			An ice world's trading colony is run by a former Dalek associate, and a mercenary is looking for treasure in the tunnels. What guards it has been kept there a very long time.
24	Minisode	24 Carat	ok		1080p Blu-ray		2026-09-15				
25	Main Show	Remembrance of the Daleks (1)	ok		1080p Blu-ray upscale		2026-09-15	720x576 50fps AC-3			In 1963 two Dalek factions fight over a device the Doctor left in a London junkyard years before. The schoolgirl, the undertaker and the army unit are all closer to it than they realise.
25	Main Show	Remembrance of the Daleks (2)	ok		1080p Blu-ray upscale		2026-09-15	720x576 50fps AC-3			In 1963 two Dalek factions fight over a device the Doctor left in a London junkyard years before. The schoolgirl, the undertaker and the army unit are all closer to it than they realise.
25	Main Show	Remembrance of the Daleks (3)	ok		1080p Blu-ray upscale		2026-09-15	720x576 50fps AC-3			In 1963 two Dalek factions fight over a device the Doctor left in a London junkyard years before. The schoolgirl, the undertaker and the army unit are all closer to it than they realise.
25	Main Show	Remembrance of the Daleks (4)	ok		1080p Blu-ray upscale		2026-09-15	720x576 50fps AC-3			In 1963 two Dalek factions fight over a device the Doctor left in a London junkyard years before. The schoolgirl, the undertaker and the army unit are all closer to it than they realise.
25	Main Show	The Happiness Patrol (1)	ok		1080p Blu-ray upscale		2026-09-15	720x576 50fps AC-3			A colony on Terra Alpha has made sadness a crime, and the patrols take anybody caught being miserable away for processing. The Doctor arrives intending to bring the whole administration down before morning.
25	Main Show	The Happiness Patrol (2)	ok		1080p Blu-ray upscale		2026-09-15	720x576 50fps AC-3			A colony on Terra Alpha has made sadness a crime, and the patrols take anybody caught being miserable away for processing. The Doctor arrives intending to bring the whole administration down before morning.
25	Main Show	The Happiness Patrol (3)	ok		1080p Blu-ray upscale		2026-09-15	720x576 50fps AC-3			A colony on Terra Alpha has made sadness a crime, and the patrols take anybody caught being miserable away for processing. The Doctor arrives intending to bring the whole administration down before morning.
25	Main Show	Silver Nemesis (1)	ok		1080p Blu-ray upscale		2026-09-15	720x568 25fps AC-3			A comet carrying a statue of living metal returns to Earth every twenty-five years and is due again. Cybermen, a Nazi and a seventeenth-century sorceress all want it, and the Doctor launched it himself.
25	Main Show	Silver Nemesis (2)	ok		1080p Blu-ray upscale		2026-09-15	720x564 25fps AC-3			A comet carrying a statue of living metal returns to Earth every twenty-five years and is due again. Cybermen, a Nazi and a seventeenth-century sorceress all want it, and the Doctor launched it himself.
25	Main Show	Silver Nemesis (3)	ok		1080p Blu-ray upscale		2026-09-15	720x564 25fps AC-3			A comet carrying a statue of living metal returns to Earth every twenty-five years and is due again. Cybermen, a Nazi and a seventeenth-century sorceress all want it, and the Doctor launched it himself.
25	Main Show	The Greatest Show in the Galaxy (1)	ok		1080p Blu-ray upscale		2026-09-15	720x576 50fps AC-3			A circus on a desert world advertises for acts and the audience is three people who never leave. Whatever is under the ring has been fed for a long time and is not easily satisfied.
25	Main Show	The Greatest Show in the Galaxy (2)	ok		1080p Blu-ray upscale		2026-09-15	720x576 50fps AC-3			A circus on a desert world advertises for acts and the audience is three people who never leave. Whatever is under the ring has been fed for a long time and is not easily satisfied.
25	Main Show	The Greatest Show in the Galaxy (3)	ok		1080p Blu-ray upscale		2026-09-15	720x576 50fps AC-3			A circus on a desert world advertises for acts and the audience is three people who never leave. Whatever is under the ring has been fed for a long time and is not easily satisfied.
25	Main Show	The Greatest Show in the Galaxy (4)	ok		1080p Blu-ray upscale		2026-09-15	720x576 50fps AC-3			A circus on a desert world advertises for acts and the audience is three people who never leave. Whatever is under the ring has been fed for a long time and is not easily satisfied.
26	Main Show	Battlefield (1)	ok		1080p Blu-ray upscale		2026-09-15	960x540 50fps AAC			A nuclear convoy and an archaeological dig converge on an English village where a sword is buried. Knights from another reality are fighting a war they think the Doctor started, and they call him Merlin.
26	Main Show	Battlefield (2)	ok		1080p Blu-ray upscale		2026-09-15				A nuclear convoy and an archaeological dig converge on an English village where a sword is buried. Knights from another reality are fighting a war they think the Doctor started, and they call him Merlin.
26	Main Show	Battlefield (3)	ok		1080p Blu-ray upscale		2026-09-15	960x540 50fps AAC			A nuclear convoy and an archaeological dig converge on an English village where a sword is buried. Knights from another reality are fighting a war they think the Doctor started, and they call him Merlin.
26	Main Show	Battlefield (4)	ok		1080p Blu-ray upscale		2026-09-15	960x540 50fps AAC			A nuclear convoy and an archaeological dig converge on an English village where a sword is buried. Knights from another reality are fighting a war they think the Doctor started, and they call him Merlin.
26	Main Show	Ghost Light (1)	ok		1080p Blu-ray upscale		2026-09-15	720x576 25fps AAC			A Victorian house in Perivale keeps its servants terrified, its owner in the cellar and an angel in the basement. Something came down with the house's oldest occupant and has been cataloguing life ever since.
26	Main Show	Ghost Light (2)	ok		1080p Blu-ray upscale		2026-09-15	720x576 25fps AAC			A Victorian house in Perivale keeps its servants terrified, its owner in the cellar and an angel in the basement. Something came down with the house's oldest occupant and has been cataloguing life ever since.
26	Main Show	Ghost Light (3)	ok		1080p Blu-ray upscale		2026-09-15	720x576 25fps AAC			A Victorian house in Perivale keeps its servants terrified, its owner in the cellar and an angel in the basement. Something came down with the house's oldest occupant and has been cataloguing life ever since.
26	Main Show	The Curse of Fenric (1)	ok		1080p Blu-ray upscale		2026-09-15	960x540 50fps AAC			A code-breaking station on the wartime coast has a machine, a Russian landing party and a church with old carvings. Something trapped in the crypt has been arranging every piece of this for centuries.
26	Main Show	The Curse of Fenric (2)	ok		1080p Blu-ray upscale		2026-09-15	960x540 50fps AAC			A code-breaking station on the wartime coast has a machine, a Russian landing party and a church with old carvings. Something trapped in the crypt has been arranging every piece of this for centuries.
26	Main Show	The Curse of Fenric (3)	ok		1080p Blu-ray upscale		2026-09-15	960x540 50fps AAC			A code-breaking station on the wartime coast has a machine, a Russian landing party and a church with old carvings. Something trapped in the crypt has been arranging every piece of this for centuries.
26	Main Show	The Curse of Fenric (4)	ok		1080p Blu-ray upscale		2026-09-15	960x540 50fps AAC			A code-breaking station on the wartime coast has a machine, a Russian landing party and a church with old carvings. Something trapped in the crypt has been arranging every piece of this for centuries.
26	Main Show	Survival (1)	ok		1080p Blu-ray upscale		2026-09-15	720x576 25fps AC-3			Ace goes home to Perivale to find her friends gone and cats watching the streets. The Cheetah People hunt across a dying world, and anybody who stays too long starts to change.
26	Main Show	Survival (2)	ok		1080p Blu-ray upscale		2026-09-15	720x576 25fps AC-3			Ace goes home to Perivale to find her friends gone and cats watching the streets. The Cheetah People hunt across a dying world, and anybody who stays too long starts to change.
26	Main Show	Survival (3)	ok		1080p Blu-ray upscale		2026-09-15	720x576 25fps AC-3			Ace goes home to Perivale to find her friends gone and cats watching the streets. The Cheetah People hunt across a dying world, and anybody who stays too long starts to change.
26	Minisode	The Promise	ok		1080p Blu-ray		2026-09-15				
